chain_symbol,expiration_date,strike_price,option_type,side,order_created_at,direction,order_quantity,order_type,opening_strategy,closing_strategy,price,processed_quantity
PYPL,2021-07-16,280.0000,call,sell,2021-07-09T16:33:03.321618Z,credit,1.00000,limit,,long_call,20.70000000,1.00000
PYPL,2021-07-09,290.0000,call,sell,2021-07-06T19:34:56.275910Z,credit,1.00000,limit,,long_call,4.40000000,1.00000
PYPL,2021-07-09,290.0000,call,sell,2021-07-06T17:35:26.931924Z,credit,2.00000,limit,,long_call,3.70000000,2.00000
PYPL,2021-07-09,290.0000,call,buy,2021-07-06T16:42:56.268653Z,debit,1.00000,limit,long_call,,3.25000000,1.00000
PYPL,2021-07-09,290.0000,call,buy,2021-07-06T16:20:22.166716Z,debit,2.00000,limit,long_call,,2.73000000,2.00000
TSLA,2021-07-16,650.0000,call,sell,2021-07-06T15:48:47.525585Z,credit,1.00000,limit,,long_call,27.80000000,1.00000
PYPL,2021-07-16,280.0000,call,sell,2021-07-01T15:24:57.211142Z,credit,2.00000,limit,,long_call,9.45000000,2.00000
SPY,2021-06-18,420.0000,put,sell,2021-06-18T14:00:22.178773Z,credit,3.00000,limit,,long_put,2.98000000,3.00000
PYPL,2021-07-16,280.0000,call,sell,2021-06-17T19:53:35.127686Z,credit,1.00000,limit,,long_call,7.75000000,1.00000
TSLA,2021-06-18,615.0000,call,sell,2021-06-17T15:35:33.042483Z,credit,1.00000,limit,,long_call,7.95000000,1.00000
PYPL,2021-07-16,280.0000,call,buy,2021-06-16T18:58:50.929305Z,debit,1.00000,limit,long_call,,3.45000000,1.00000
SPY,2021-06-18,420.0000,put,buy,2021-06-16T17:41:34.004079Z,debit,1.00000,limit,long_put,,1.49000000,1.00000
TSLA,2021-06-18,650.0000,call,sell,2021-06-15T19:59:57.633004Z,credit,10.00000,limit,,long_call,0.66000000,10.00000
TSLA,2021-06-18,615.0000,call,buy,2021-06-15T19:59:48.263160Z,debit,1.00000,limit,long_call,,5.40000000,1.00000
TSLA,2021-06-18,650.0000,call,buy,2021-06-15T17:14:55.295692Z,debit,2.00000,limit,long_call,,1.06000000,2.00000
TSLA,2021-06-18,650.0000,call,buy,2021-06-15T16:30:58.005351Z,debit,3.00000,limit,long_call,,1.04000000,3.00000
TSLA,2021-06-18,650.0000,call,buy,2021-06-15T16:23:45.397852Z,debit,2.00000,limit,long_call,,1.02000000,2.00000
CRSR,2021-06-18,40.0000,call,sell,2021-06-14T17:59:46.774486Z,credit,1.00000,limit,,long_call,3.65000000,1.00000
CRSR,2021-06-18,40.0000,call,buy,2021-06-14T15:03:19.608315Z,debit,2.00000,limit,long_call,,1.88000000,2.00000
TSLA,2021-06-18,650.0000,call,buy,2021-06-11T17:31:56.747554Z,debit,1.00000,limit,long_call,,3.15000000,1.00000
TSLA,2021-06-18,650.0000,call,buy,2021-06-11T17:05:41.535548Z,debit,1.00000,limit,long_call,,2.90000000,1.00000
PYPL,2021-07-16,280.0000,call,buy,2021-06-11T15:21:33.891966Z,debit,1.00000,limit,long_call,,5.05000000,1.00000
SPY,2021-06-18,420.0000,put,buy,2021-06-11T15:01:05.733288Z,debit,2.00000,limit,long_put,,1.83000000,2.00000
CHWY,2021-07-16,100.0000,call,sell,2021-06-11T14:57:41.921009Z,credit,2.00000,limit,,long_call,0.41000000,2.00000
TDOC,2021-10-15,200.0000,call,sell,2021-06-11T14:57:31.502130Z,credit,1.00000,limit,,long_call,4.00000000,1.00000
PYPL,2021-06-11,270.0000,call,sell,2021-06-11T14:57:01.944912Z,credit,2.00000,limit,,long_call,0.57000000,2.00000
PYPL,2021-06-11,270.0000,call,sell,2021-06-10T19:59:36.216348Z,credit,3.00000,limit,,long_call,1.39000000,3.00000
PYPL,2021-06-11,270.0000,call,sell,2021-06-10T19:59:08.607432Z,credit,8.00000,limit,,long_call,1.38000000,8.00000
PYPL,2021-06-11,270.0000,call,sell,2021-06-10T18:18:17.494050Z,credit,5.00000,limit,,long_call,1.37000000,5.00000
PYPL,2021-06-11,270.0000,call,buy,2021-06-10T17:35:01.441940Z,debit,2.00000,limit,long_call,,0.91000000,2.00000
PYPL,2021-06-11,270.0000,call,buy,2021-06-10T17:34:05.615542Z,debit,2.00000,limit,long_call,,0.86000000,2.00000
PYPL,2021-06-11,270.0000,call,buy,2021-06-10T16:34:22.013785Z,debit,2.00000,limit,long_call,,0.98000000,2.00000
PYPL,2021-06-11,270.0000,call,buy,2021-06-10T16:32:38.652513Z,debit,1.00000,limit,long_call,,0.90000000,1.00000
PYPL,2021-06-11,270.0000,call,buy,2021-06-10T16:29:13.693546Z,debit,1.00000,limit,long_call,,0.91000000,1.00000
PYPL,2021-06-11,270.0000,call,buy,2021-06-10T16:28:46.080157Z,debit,2.00000,limit,long_call,,0.92000000,2.00000
PYPL,2021-06-11,270.0000,call,buy,2021-06-10T16:13:14.761376Z,debit,2.00000,limit,long_call,,1.16000000,2.00000
PYPL,2021-06-11,270.0000,call,buy,2021-06-10T16:03:14.439779Z,debit,1.00000,limit,long_call,,1.04000000,1.00000
PYPL,2021-06-11,270.0000,call,buy,2021-06-10T16:02:23.962302Z,debit,2.00000,limit,long_call,,0.99000000,2.00000
PYPL,2021-06-18,260.0000,call,sell,2021-06-10T16:02:11.770330Z,credit,1.00000,limit,,long_call,9.65000000,1.00000
PYPL,2021-06-11,270.0000,call,buy,2021-06-10T15:55:35.070467Z,debit,2.00000,limit,long_call,,1.22000000,2.00000
PYPL,2021-06-11,270.0000,call,buy,2021-06-10T15:51:23.929436Z,debit,1.00000,limit,long_call,,1.17000000,1.00000
PYPL,2021-07-16,280.0000,call,buy,2021-06-10T15:48:32.103801Z,debit,1.00000,limit,long_call,,4.50000000,1.00000
PYPL,2021-06-18,260.0000,call,sell,2021-06-10T15:43:27.411304Z,credit,1.00000,limit,,long_call,9.35000000,1.00000
PYPL,2021-07-16,280.0000,call,buy,2021-06-10T15:35:59.808711Z,debit,1.00000,limit,long_call,,4.30000000,1.00000
QQQ,2021-06-14,335.0000,put,buy,2021-06-09T16:45:34.584062Z,debit,1.00000,limit,long_put,,1.30000000,1.00000
SQ,2021-06-18,220.0000,call,sell,2021-06-09T13:42:13.137296Z,credit,1.00000,limit,,long_call,4.20000000,1.00000
SQ,2021-06-18,220.0000,call,sell,2021-06-09T13:39:38.739594Z,credit,1.00000,limit,,long_call,4.70000000,1.00000
SQ,2021-06-18,220.0000,call,sell,2021-06-09T13:35:13.310187Z,credit,1.00000,limit,,long_call,4.85000000,1.00000
SQ,2021-06-18,220.0000,call,buy,2021-06-08T16:08:32.517172Z,debit,1.00000,limit,long_call,,4.00000000,1.00000
SQ,2021-06-18,220.0000,call,buy,2021-06-08T15:30:14.250753Z,debit,1.00000,limit,long_call,,3.65000000,1.00000
SQ,2021-06-18,220.0000,call,buy,2021-06-08T15:27:58.116299Z,debit,1.00000,limit,long_call,,3.55000000,1.00000
TSLA,2021-06-18,650.0000,call,buy,2021-06-08T15:22:40.763270Z,debit,1.00000,limit,long_call,,5.10000000,1.00000
SQ,2021-06-18,220.0000,call,sell,2021-06-08T13:55:36.813374Z,credit,1.00000,limit,,long_call,5.75000000,1.00000
SQ,2021-06-18,220.0000,call,sell,2021-06-08T13:44:11.759391Z,credit,1.00000,limit,,long_call,7.00000000,1.00000
TSLA,2021-07-16,650.0000,call,buy,2021-06-07T16:18:54.342321Z,debit,1.00000,limit,long_call,,18.90000000,1.00000
TSLA,2021-06-18,625.0000,call,sell,2021-06-07T16:18:40.837590Z,credit,1.00000,limit,,long_call,9.10000000,1.00000
NVDA,2021-06-11,690.0000,put,sell,2021-06-07T15:48:09.146588Z,credit,1.00000,limit,,long_put,12.45000000,1.00000
NVDA,2021-06-11,690.0000,put,sell,2021-06-07T15:42:18.247823Z,credit,1.00000,limit,,long_put,12.15000000,1.00000
NVDA,2021-06-11,705.0000,call,sell,2021-06-07T15:07:45.284080Z,credit,1.00000,limit,,long_call,8.80000000,1.00000
NVDA,2021-06-11,690.0000,put,buy,2021-06-07T15:06:41.990344Z,debit,1.00000,limit,long_put,,9.70000000,1.00000
NVDA,2021-06-11,705.0000,call,buy,2021-06-07T14:56:53.936467Z,debit,1.00000,limit,long_call,,10.25000000,1.00000
NVDA,2021-06-11,690.0000,put,buy,2021-06-07T14:48:05.336481Z,debit,1.00000,limit,long_put,,10.05000000,1.00000
SQ,2021-06-18,220.0000,call,buy,2021-06-07T13:59:32.981591Z,debit,1.00000,limit,long_call,,4.20000000,1.00000
SQ,2021-06-18,220.0000,call,buy,2021-06-07T13:57:23.844866Z,debit,1.00000,limit,long_call,,4.25000000,1.00000
SQ,2021-06-18,225.0000,call,sell,2021-06-07T13:53:05.199833Z,credit,2.00000,limit,,long_call,2.63000000,2.00000
QQQ,2021-06-11,332.0000,put,buy,2021-06-04T15:37:25.869499Z,debit,2.00000,limit,long_put,,1.84000000,2.00000
SQ,2021-06-18,225.0000,call,buy,2021-06-04T15:26:32.575914Z,debit,1.00000,limit,long_call,,2.94000000,1.00000
NVDA,2021-06-18,650.0000,call,sell,2021-06-04T14:16:27.971316Z,credit,1.00000,limit,,long_call,50.55000000,1.00000
QQQ,2021-06-09,330.0000,put,sell,2021-06-03T13:52:51.726738Z,credit,1.00000,limit,,long_put,3.62000000,1.00000
TSLA,2021-06-18,625.0000,call,buy,2021-06-02T18:33:23.216593Z,debit,1.00000,limit,long_call,,16.00000000,1.00000
SQ,2021-06-18,225.0000,call,sell,2021-06-02T18:32:50.698605Z,credit,1.00000,limit,,long_call,5.80000000,1.00000
AAPL,2021-07-16,135.0000,call,sell,2021-06-02T18:28:16.566502Z,credit,1.00000,limit,,long_call,0.78000000,1.00000
SPOT,2021-07-16,280.0000,call,sell,2021-06-02T18:28:06.734548Z,credit,3.00000,limit,,long_call,1.90000000,3.00000
QQQ,2021-06-09,330.0000,put,buy,2021-06-02T17:28:54.236298Z,debit,1.00000,limit,long_put,,2.07000000,1.00000
TSLA,2021-06-04,630.0000,call,sell,2021-06-02T13:56:28.404474Z,credit,1.00000,limit,,long_call,3.45000000,1.00000
PYPL,2021-06-18,260.0000,call,buy,2021-06-01T14:25:10.456706Z,debit,1.00000,limit,long_call,,5.45000000,1.00000
PYPL,2021-06-18,260.0000,call,buy,2021-06-01T14:23:19.282538Z,debit,1.00000,limit,long_call,,5.25000000,1.00000
NVDA,2021-06-18,650.0000,call,buy,2021-06-01T14:17:48.757107Z,debit,1.00000,limit,long_call,,14.05000000,1.00000
NVDA,2021-05-28,630.0000,call,sell,2021-05-27T17:28:24.142598Z,credit,1.00000,limit,,long_call,2.89000000,1.00000
NVDA,2021-05-28,630.0000,call,sell,2021-05-27T17:25:01.573089Z,credit,2.00000,limit,,long_call,3.25000000,2.00000
NVDA,2021-05-28,630.0000,call,buy,2021-05-27T16:53:44.103523Z,debit,2.00000,limit,long_call,,2.39000000,2.00000
NVDA,2021-05-28,630.0000,call,buy,2021-05-27T16:44:28.834375Z,debit,1.00000,limit,long_call,,2.20000000,1.00000
TSLA,2021-06-04,630.0000,call,buy,2021-05-27T15:45:24.370819Z,debit,1.00000,limit,long_call,,11.90000000,1.00000
NVDA,2021-06-18,650.0000,call,sell,2021-05-26T18:31:40.870559Z,credit,1.00000,limit,,long_call,13.60000000,1.00000
NVDA,2021-06-18,650.0000,call,sell,2021-05-26T18:31:33.845816Z,credit,1.00000,limit,,long_call,13.65000000,1.00000
CHWY,2021-06-04,80.0000,call,sell,2021-05-26T15:44:32.606771Z,credit,1.00000,limit,,long_call,0.71000000,1.00000
CHWY,2021-06-04,80.0000,call,buy,2021-05-25T14:51:20.019168Z,debit,1.00000,limit,long_call,,0.39000000,1.00000
SQ,2021-06-18,225.0000,call,buy,2021-05-24T17:53:11.717893Z,debit,1.00000,limit,long_call,,3.80000000,1.00000
AAPL,2021-07-16,135.0000,call,sell,2021-05-24T17:50:55.889173Z,credit,1.00000,limit,,long_call,1.66000000,1.00000
SQ,2021-06-18,225.0000,call,buy,2021-05-24T17:44:22.628656Z,debit,1.00000,limit,long_call,,3.75000000,1.00000
SQ,2021-06-18,250.0000,call,sell,2021-05-24T17:43:57.642382Z,credit,3.00000,limit,,long_call,0.92000000,3.00000
QQQ,2021-05-24,315.0000,put,sell,2021-05-19T14:17:38.257149Z,credit,1.00000,limit,,long_put,2.87000000,1.00000
SPY,2021-05-21,410.0000,put,buy,2021-05-14T16:23:08.789263Z,debit,1.00000,limit,long_put,,1.91000000,1.00000
QQQ,2021-05-24,315.0000,put,buy,2021-05-14T16:22:48.109631Z,debit,2.00000,limit,long_put,,1.65000000,2.00000
SQ,2021-06-18,250.0000,call,buy,2021-05-14T16:22:24.621926Z,debit,1.00000,limit,long_call,,1.85000000,1.00000
SPOT,2021-07-16,280.0000,call,buy,2021-05-14T15:37:25.014291Z,debit,1.00000,limit,long_call,,1.85000000,1.00000
QQQ,2021-05-19,310.0000,put,sell,2021-05-12T16:08:10.039333Z,credit,2.00000,limit,,long_put,3.00000000,2.00000
TDOC,2021-10-15,200.0000,call,buy,2021-05-11T16:29:40.582263Z,debit,1.00000,limit,long_call,,4.25000000,1.00000
QQQ,2021-05-19,310.0000,put,buy,2021-05-11T16:24:14.769407Z,debit,1.00000,limit,long_put,,1.49000000,1.00000
QQQ,2021-05-19,310.0000,put,buy,2021-05-11T14:28:17.154455Z,debit,2.00000,limit,long_put,,2.34000000,2.00000
NVDA,2021-06-18,650.0000,call,buy,2021-05-11T14:07:33.984352Z,debit,1.00000,limit,long_call,,5.70000000,1.00000
SQ,2021-06-18,250.0000,call,buy,2021-05-11T14:07:17.083687Z,debit,1.00000,limit,long_call,,3.40000000,1.00000
SPOT,2021-07-16,280.0000,call,buy,2021-05-10T15:31:16.760720Z,debit,1.00000,limit,long_call,,2.75000000,1.00000
TDOC,2021-07-16,230.0000,call,sell,2021-05-10T15:30:21.513619Z,credit,3.00000,limit,,long_call,0.32000000,3.00000
FSLY,2022-01-21,60.0000,call,buy,2021-05-07T17:13:04.942318Z,debit,1.00000,limit,long_call,,4.30000000,1.00000
FSLY,2021-06-18,80.0000,call,sell,2021-05-07T15:12:02.465990Z,credit,3.00000,limit,,long_call,0.18000000,3.00000
SPOT,2021-07-16,280.0000,call,buy,2021-05-06T14:47:17.445971Z,debit,1.00000,limit,long_call,,4.30000000,1.00000
NVDA,2021-06-18,650.0000,call,buy,2021-05-05T18:31:15.413402Z,debit,1.00000,limit,long_call,,8.70000000,1.00000
TDOC,2021-07-16,230.0000,call,buy,2021-04-22T14:24:02.781796Z,debit,1.00000,limit,long_call,,4.20000000,1.00000
VXX,2021-04-23,11.0000,call,buy,2021-04-20T14:55:47.668876Z,debit,3.00000,limit,long_call,,0.26000000,3.00000
SQ,2021-05-21,285.0000,call,sell,2021-04-20T14:55:03.067852Z,credit,1.00000,limit,,long_call,4.40000000,1.00000
SQ,2021-06-18,250.0000,call,sell,2021-04-20T14:54:51.062157Z,credit,1.00000,limit,,long_call,18.65000000,1.00000
SPY,2021-04-23,410.0000,put,buy,2021-04-20T14:45:06.557179Z,debit,1.00000,limit,long_put,,1.54000000,1.00000
VXX,2021-04-30,11.0000,call,buy,2021-04-19T15:52:29.966138Z,debit,3.00000,limit,long_call,,0.42000000,3.00000
QQQ,2021-05-07,330.0000,put,buy,2021-04-19T15:52:10.409969Z,debit,1.00000,limit,long_put,,3.56000000,1.00000
SQ,2021-05-21,285.0000,call,buy,2021-04-19T15:10:21.329367Z,debit,1.00000,limit,long_call,,4.50000000,1.00000
TDOC,2021-07-16,230.0000,call,buy,2021-04-19T14:48:16.369761Z,debit,1.00000,limit,long_call,,4.20000000,1.00000
TDOC,2021-07-16,230.0000,call,buy,2021-04-16T16:12:04.644943Z,debit,1.00000,limit,long_call,,6.00000000,1.00000
SQ,2021-04-16,270.0000,call,sell,2021-04-14T18:50:14.108474Z,credit,1.00000,limit,,long_call,1.37000000,1.00000
SQ,2021-04-16,270.0000,call,buy,2021-04-14T16:54:56.187231Z,debit,1.00000,limit,long_call,,2.97000000,1.00000
NVDA,2021-04-16,655.0000,call,sell,2021-04-14T14:06:02.465768Z,credit,4.00000,limit,,long_call,0.81000000,4.00000
NVDA,2021-04-16,655.0000,call,buy,2021-04-13T17:41:34.184819Z,debit,1.00000,limit,long_call,,1.68000000,1.00000
QQQ,2021-04-23,330.0000,put,buy,2021-04-13T15:11:36.411365Z,debit,2.00000,limit,long_put,,1.58000000,2.00000
NVDA,2021-04-16,655.0000,call,buy,2021-04-13T14:27:01.625058Z,debit,1.00000,limit,long_call,,1.92000000,1.00000
NVDA,2021-04-16,655.0000,call,buy,2021-04-13T14:21:24.870307Z,debit,1.00000,limit,long_call,,1.92000000,1.00000
NVDA,2021-04-16,655.0000,call,buy,2021-04-13T14:16:38.567311Z,debit,1.00000,limit,long_call,,2.65000000,1.00000
FSLY,2021-06-18,80.0000,call,buy,2021-04-13T14:04:07.731497Z,debit,1.00000,limit,long_call,,3.85000000,1.00000
NVDA,2021-04-16,550.0000,call,sell,2021-04-13T14:02:06.469700Z,credit,1.00000,limit,,long_call,71.00000000,1.00000
CHWY,2021-07-16,100.0000,call,buy,2021-04-12T13:40:16.771734Z,debit,1.00000,limit,long_call,,4.55000000,1.00000
SHOP,2021-04-16,1500.0000,call,sell,2021-04-12T13:40:01.621908Z,credit,4.00000,limit,,long_call,1.35000000,4.00000
SHOP,2021-04-16,1500.0000,call,buy,2021-04-08T19:07:17.936739Z,debit,1.00000,limit,long_call,,0.70000000,1.00000
SHOP,2021-04-16,1500.0000,call,buy,2021-04-08T19:06:54.954750Z,debit,1.00000,limit,long_call,,0.70000000,1.00000
QQQ,2021-04-16,325.0000,put,buy,2021-04-05T15:42:29.143130Z,debit,1.00000,limit,long_put,,2.99000000,1.00000
FSLY,2021-06-18,80.0000,call,buy,2021-03-30T14:05:42.032482Z,debit,1.00000,limit,long_call,,3.45000000,1.00000
SQ,2021-06-18,250.0000,call,buy,2021-03-30T13:54:21.844643Z,debit,1.00000,limit,long_call,,7.45000000,1.00000
SQ,2021-06-18,250.0000,call,buy,2021-03-24T16:23:37.879230Z,debit,1.00000,limit,long_call,,10.40000000,1.00000
SQ,2021-04-16,250.0000,call,sell,2021-03-24T16:06:15.937407Z,credit,3.00000,limit,,long_call,2.00000000,3.00000
FSLY,2021-06-18,80.0000,call,buy,2021-03-24T15:31:35.333798Z,debit,1.00000,limit,long_call,,4.15000000,1.00000
FSLY,2021-04-16,80.0000,call,sell,2021-03-24T15:31:14.054483Z,credit,3.00000,limit,,long_call,0.96000000,3.00000
CHWY,2021-07-16,100.0000,call,buy,2021-03-24T15:15:42.093616Z,debit,1.00000,limit,long_call,,5.85000000,1.00000
CHWY,2021-04-16,100.0000,call,sell,2021-03-24T15:15:01.615735Z,credit,1.00000,limit,,long_call,1.28000000,1.00000
PLTR,2021-03-19,28.0000,call,buy,2021-03-11T19:08:33.937227Z,debit,1.00000,limit,long_call,,0.90000000,1.00000
SHOP,2021-04-16,1500.0000,call,buy,2021-03-05T20:24:06.828066Z,debit,1.00000,limit,long_call,,4.60000000,1.00000
SQ,2021-04-16,250.0000,call,buy,2021-03-05T15:54:25.597288Z,debit,1.00000,limit,long_call,,5.20000000,1.00000
SQ,2021-04-16,250.0000,call,buy,2021-03-05T15:47:15.130086Z,debit,1.00000,limit,long_call,,4.45000000,1.00000
SPOT,2021-04-16,330.0000,call,buy,2021-03-04T15:51:44.070546Z,debit,1.00000,limit,long_call,,11.00000000,1.00000
SPOT,2021-04-16,350.0000,call,sell,2021-03-04T15:50:09.830561Z,credit,2.00000,limit,,long_call,6.30000000,2.00000
FSLY,2021-04-16,80.0000,call,buy,2021-03-04T15:47:57.348367Z,debit,3.00000,limit,long_call,,3.20000000,3.00000
FSLY,2021-04-16,85.0000,call,sell,2021-03-04T15:47:44.029445Z,credit,2.00000,limit,,long_call,2.35000000,2.00000
FSLY,2021-04-16,90.0000,call,sell,2021-03-04T15:47:00.662822Z,credit,2.00000,limit,,long_call,1.71000000,2.00000
FSLY,2021-03-19,85.0000,call,sell,2021-03-04T15:41:57.409833Z,credit,2.00000,limit,,long_call,0.76000000,2.00000
SHOP,2021-04-16,1500.0000,call,buy,2021-03-04T15:38:07.978499Z,debit,1.00000,limit,long_call,,10.00000000,1.00000
CRSR,2021-05-21,55.0000,call,sell,2021-03-04T15:37:21.039013Z,credit,4.00000,limit,,long_call,1.38000000,4.00000
AAPL,2021-04-16,130.0000,call,sell,2021-03-04T15:35:25.089201Z,credit,1.00000,limit,,long_call,2.82000000,1.00000
NVDA,2021-04-16,550.0000,call,buy,2021-03-04T15:35:10.142902Z,debit,1.00000,limit,long_call,,14.55000000,1.00000
SPY,2021-03-03,380.0000,put,sell,2021-03-03T20:22:00.065128Z,credit,1.00000,limit,,long_put,0.13000000,1.00000
FSLY,2021-03-19,85.0000,call,buy,2021-03-02T16:07:31.909187Z,debit,2.00000,limit,long_call,,1.67000000,2.00000
SPOT,2021-04-16,350.0000,call,buy,2021-02-26T18:06:34.484677Z,debit,1.00000,limit,long_call,,10.10000000,1.00000
SQ,2021-03-19,245.0000,call,sell,2021-02-26T18:06:13.190199Z,credit,1.00000,limit,,long_call,6.75000000,1.00000
SQ,2021-03-19,245.0000,call,buy,2021-02-26T16:35:55.395550Z,debit,1.00000,limit,long_call,,7.75000000,1.00000
SPOT,2021-04-16,350.0000,call,buy,2021-02-26T15:36:43.782681Z,debit,1.00000,limit,long_call,,9.00000000,1.00000
CRSR,2021-05-21,55.0000,call,sell,2021-02-26T15:25:04.059964Z,credit,2.00000,limit,,long_call,2.51000000,2.00000
SQ,2021-03-19,250.0000,call,sell,2021-02-26T15:24:47.447276Z,credit,1.00000,limit,,long_call,4.75000000,1.00000
SPY,2021-03-03,385.0000,put,sell,2021-02-26T15:17:43.527498Z,credit,1.00000,limit,,long_put,6.60000000,1.00000
QQQ,2021-02-26,311.0000,put,buy,2021-02-25T20:58:08.279155Z,debit,1.00000,limit,long_put,,2.15000000,1.00000
FSLY,2021-04-16,90.0000,call,buy,2021-02-25T17:36:15.718404Z,debit,2.00000,limit,long_call,,3.10000000,2.00000
FSLY,2021-04-16,100.0000,call,sell,2021-02-25T17:35:56.307939Z,credit,4.00000,limit,,long_call,1.82000000,4.00000
SPY,2021-03-01,387.0000,put,sell,2021-02-25T17:32:33.718081Z,credit,1.00000,limit,,long_put,4.70000000,1.00000
SPY,2021-03-01,385.0000,put,sell,2021-02-25T17:32:24.921797Z,credit,1.00000,limit,,long_put,3.67000000,1.00000
SPY,2021-03-03,385.0000,put,sell,2021-02-25T17:32:14.991023Z,credit,1.00000,limit,,long_put,4.52000000,1.00000
SPY,2021-03-03,385.0000,put,buy,2021-02-24T15:42:05.408067Z,debit,2.00000,limit,long_put,,2.96000000,2.00000
AAPL,2021-07-16,135.0000,call,buy,2021-02-24T15:41:40.888260Z,debit,1.00000,limit,long_call,,6.95000000,1.00000
SQ,2021-03-19,250.0000,call,buy,2021-02-24T15:32:39.108220Z,debit,1.00000,limit,long_call,,9.95000000,1.00000
SQ,2021-04-16,250.0000,call,buy,2021-02-24T15:28:35.492624Z,debit,1.00000,limit,long_call,,16.10000000,1.00000
SQ,2021-03-05,225.0000,call,sell,2021-02-24T15:28:12.989989Z,credit,1.00000,limit,,long_call,17.45000000,1.00000
AAPL,2021-04-16,130.0000,call,buy,2021-02-23T19:08:40.209781Z,debit,1.00000,limit,long_call,,4.30000000,1.00000
CHWY,2021-04-16,100.0000,call,sell,2021-02-23T19:07:47.080079Z,credit,1.00000,limit,,long_call,14.65000000,1.00000
SPY,2021-03-03,380.0000,put,buy,2021-02-23T18:29:41.466881Z,debit,1.00000,limit,long_put,,2.58000000,1.00000
AAPL,2021-07-16,135.0000,call,buy,2021-02-23T18:29:26.038688Z,debit,1.00000,limit,long_call,,6.90000000,1.00000
SPY,2021-03-01,385.0000,put,sell,2021-02-23T18:27:52.957565Z,credit,1.00000,limit,,long_put,3.39000000,1.00000
SPY,2021-03-01,387.0000,put,sell,2021-02-23T15:05:01.314326Z,credit,1.00000,limit,,long_put,5.84000000,1.00000
FSLY,2021-04-16,85.0000,call,buy,2021-02-23T15:04:42.934911Z,debit,1.00000,limit,long_call,,5.55000000,1.00000
CRSR,2021-03-19,50.0000,call,sell,2021-02-23T15:03:34.426463Z,credit,2.00000,limit,,long_call,0.98000000,2.00000
FSLY,2021-04-16,85.0000,call,buy,2021-02-23T15:03:22.979221Z,debit,1.00000,limit,long_call,,5.30000000,1.00000
FSLY,2021-04-16,100.0000,call,buy,2021-02-22T18:07:18.227200Z,debit,2.00000,limit,long_call,,2.78000000,2.00000
SPY,2021-03-01,387.0000,put,buy,2021-02-19T20:36:53.610188Z,debit,2.00000,limit,long_put,,2.39000000,2.00000
FSLY,2021-04-16,100.0000,call,buy,2021-02-19T20:36:32.378716Z,debit,2.00000,limit,long_call,,3.55000000,2.00000
SQ,2021-03-05,225.0000,call,sell,2021-02-19T20:35:22.475415Z,credit,1.00000,limit,,long_call,52.25000000,1.00000
SPY,2021-02-12,388.0000,put,sell,2021-02-12T20:02:22.281203Z,credit,2.00000,limit,,long_put,0.02000000,2.00000
CRSR,2021-03-19,50.0000,call,buy,2021-02-11T18:59:42.940128Z,debit,2.00000,limit,long_call,,3.10000000,2.00000
SPY,2021-02-12,388.0000,put,buy,2021-02-11T17:26:24.298894Z,debit,1.00000,limit,long_put,,1.48000000,1.00000
SPY,2021-02-12,388.0000,put,buy,2021-02-11T17:18:06.342257Z,debit,1.00000,limit,long_put,,1.10000000,1.00000
SPY,2021-03-01,385.0000,put,buy,2021-02-11T16:45:37.882315Z,debit,1.00000,limit,long_put,,3.49000000,1.00000
SPY,2021-03-01,385.0000,put,buy,2021-02-11T16:13:21.084158Z,debit,1.00000,limit,long_put,,3.82000000,1.00000
CRSR,2021-02-19,40.0000,call,sell,2021-02-11T16:11:09.353325Z,credit,3.00000,limit,,long_call,3.10000000,3.00000
NVDA,2021-02-19,530.0000,put,sell,2021-02-10T19:32:22.561954Z,credit,1.00000,limit,,long_put,0.77000000,1.00000
NVDA,2021-02-19,530.0000,put,buy,2021-02-08T15:17:51.163469Z,debit,1.00000,limit,long_put,,2.83000000,1.00000
SPY,2021-02-10,360.0000,put,buy,2021-01-29T19:13:09.578117Z,debit,1.00000,limit,long_put,,4.09000000,1.00000
CRSR,2021-05-21,55.0000,call,buy,2021-01-29T19:12:49.498850Z,debit,1.00000,limit,long_call,,6.30000000,1.00000
SPY,2021-02-05,375.0000,put,sell,2021-01-29T18:27:42.593394Z,credit,1.00000,limit,,long_put,8.61000000,1.00000
SPY,2021-02-05,375.0000,put,buy,2021-01-28T20:36:55.110318Z,debit,1.00000,limit,long_put,,3.96000000,1.00000
CRSR,2021-05-21,55.0000,call,buy,2021-01-28T15:01:53.363742Z,debit,1.00000,limit,long_call,,7.40000000,1.00000
NVDA,2021-02-19,545.0000,call,sell,2021-01-28T15:01:24.983839Z,credit,1.00000,limit,,long_call,15.00000000,1.00000
SQ,2021-03-05,225.0000,call,buy,2021-01-27T15:08:42.829930Z,debit,1.00000,limit,long_call,,11.00000000,1.00000
SPY,2021-02-10,375.0000,put,buy,2021-01-25T16:28:34.393294Z,debit,1.00000,limit,long_put,,4.49000000,1.00000
SQ,2021-03-05,225.0000,call,buy,2021-01-25T16:24:31.560535Z,debit,1.00000,limit,long_call,,14.55000000,1.00000
SQ,2021-02-19,230.0000,call,sell,2021-01-25T16:23:45.222129Z,credit,1.00000,limit,,long_call,6.90000000,1.00000
TDOC,2021-02-19,220.0000,call,sell,2021-01-07T15:21:46.084160Z,credit,1.00000,limit,,long_call,13.30000000,1.00000
NVDA,2021-02-19,545.0000,call,buy,2021-01-06T20:58:48.376193Z,debit,1.00000,limit,long_call,,15.40000000,1.00000
BYND,2021-02-19,150.0000,call,sell,2021-01-06T20:58:27.005552Z,credit,1.00000,limit,,long_call,1.84000000,1.00000
CRSR,2021-05-21,55.0000,call,buy,2021-01-04T20:26:05.199318Z,debit,1.00000,limit,long_call,,4.05000000,1.00000
TDOC,2021-02-19,220.0000,call,sell,2021-01-04T20:25:57.268369Z,credit,1.00000,limit,,long_call,7.95000000,1.00000
CRSR,2021-02-19,40.0000,call,buy,2021-01-04T17:21:03.386502Z,debit,1.00000,limit,long_call,,3.25000000,1.00000
SPY,2021-01-15,360.0000,put,buy,2021-01-04T17:14:18.596362Z,debit,1.00000,limit,long_put,,4.59000000,1.00000
SQ,2021-02-19,230.0000,call,buy,2020-12-29T15:23:03.984721Z,debit,1.00000,limit,long_call,,11.65000000,1.00000
TDOC,2021-02-19,220.0000,call,buy,2020-12-29T15:18:53.989703Z,debit,1.00000,limit,long_call,,7.00000000,1.00000
CRSR,2021-02-19,40.0000,call,buy,2020-12-29T15:15:36.869618Z,debit,1.00000,limit,long_call,,4.60000000,1.00000
CRSR,2021-05-21,55.0000,call,buy,2020-12-29T15:15:17.116327Z,debit,1.00000,limit,long_call,,4.90000000,1.00000
TDOC,2021-01-15,200.0000,call,sell,2020-12-29T15:14:34.331279Z,credit,1.00000,limit,,long_call,6.90000000,1.00000
BYND,2021-02-19,150.0000,call,buy,2020-12-28T17:50:17.001009Z,debit,1.00000,limit,long_call,,4.70000000,1.00000
TDOC,2021-01-15,200.0000,call,sell,2020-12-28T17:49:46.587923Z,credit,1.00000,limit,,long_call,8.20000000,1.00000
TDOC,2021-02-19,220.0000,call,buy,2020-12-28T15:16:00.888930Z,debit,1.00000,limit,long_call,,8.40000000,1.00000
TDOC,2021-01-15,200.0000,call,sell,2020-12-28T15:15:34.807335Z,credit,1.00000,limit,,long_call,9.70000000,1.00000
CRSR,2021-05-21,55.0000,call,buy,2020-12-24T16:16:43.405245Z,debit,1.00000,limit,long_call,,5.20000000,1.00000
CRSR,2021-02-19,40.0000,call,buy,2020-12-24T16:16:34.930912Z,debit,1.00000,limit,long_call,,5.40000000,1.00000
FB,2021-01-15,290.0000,call,sell,2020-12-22T16:42:11.038946Z,credit,2.00000,limit,,long_call,2.50000000,2.00000
SPY,2020-12-31,360.0000,put,buy,2020-12-22T16:41:50.098852Z,debit,1.00000,limit,long_put,,2.30000000,1.00000
TSLA,2020-12-24,750.0000,call,sell,2020-12-22T16:41:10.944017Z,credit,1.00000,limit,,long_call,0.29000000,1.00000
CRSR,2021-02-19,40.0000,call,buy,2020-12-22T16:29:21.949163Z,debit,1.00000,limit,long_call,,7.20000000,1.00000
FB,2021-01-15,290.0000,call,buy,2020-12-18T17:50:44.432640Z,debit,1.00000,limit,long_call,,4.05000000,1.00000
TSLA,2020-12-24,750.0000,call,buy,2020-12-18T16:27:58.049734Z,debit,1.00000,limit,long_call,,16.85000000,1.00000
CRSR,2020-12-18,40.0000,call,sell,2020-12-17T20:04:35.910716Z,credit,3.00000,limit,,long_call,0.56000000,3.00000
CHWY,2020-12-18,105.0000,call,buy,2020-12-17T20:00:34.912130Z,debit,4.00000,limit,long_call,,0.27000000,4.00000
CHWY,2020-12-18,105.0000,call,buy,2020-12-17T19:59:21.486201Z,debit,8.00000,limit,long_call,,0.26000000,8.00000
SPY,2020-12-31,365.0000,put,buy,2020-12-17T17:06:38.023843Z,debit,2.00000,limit,long_put,,2.71000000,2.00000
CHWY,2021-01-15,75.0000,call,sell,2020-12-17T16:10:34.320523Z,credit,2.00000,limit,,long_call,24.05000000,2.00000
CRSR,2020-12-18,40.0000,call,buy,2020-12-17T15:50:04.092743Z,debit,1.00000,limit,long_call,,0.92000000,1.00000
CRSR,2020-12-18,40.0000,call,buy,2020-12-17T15:35:54.546149Z,debit,3.00000,limit,long_call,,0.73000000,3.00000
CRSR,2021-05-21,55.0000,call,buy,2020-12-16T20:00:44.992363Z,debit,1.00000,limit,long_call,,5.60000000,1.00000
TDOC,2021-01-15,200.0000,call,buy,2020-12-16T17:00:50.294060Z,debit,1.00000,limit,long_call,,7.30000000,1.00000
VXX,2020-12-18,20.0000,call,sell,2020-12-16T17:00:20.173856Z,credit,5.00000,limit,,long_call,0.10000000,5.00000
SPY,2020-12-18,360.0000,put,sell,2020-12-15T20:59:40.747504Z,credit,9.00000,limit,,long_put,0.74000000,9.00000
SPY,2020-12-18,360.0000,put,buy,2020-12-15T20:56:14.534367Z,debit,2.00000,limit,long_put,,0.81000000,2.00000
SPY,2020-12-18,360.0000,put,buy,2020-12-15T20:32:41.592465Z,debit,2.00000,limit,long_put,,0.87000000,2.00000
SPY,2020-12-18,360.0000,put,buy,2020-12-15T20:21:34.045056Z,debit,1.00000,limit,long_put,,0.81000000,1.00000
SPY,2020-12-18,360.0000,put,buy,2020-12-15T19:57:06.111637Z,debit,2.00000,limit,long_put,,0.81000000,2.00000
FB,2021-01-15,290.0000,call,buy,2020-12-15T17:15:32.900294Z,debit,1.00000,limit,long_call,,3.70000000,1.00000
QQQ,2020-12-18,300.0000,put,buy,2020-12-15T15:50:46.682599Z,debit,1.00000,limit,long_put,,1.21000000,1.00000
SPY,2020-12-18,365.0000,put,buy,2020-12-15T15:50:22.855268Z,debit,1.00000,limit,long_put,,2.76000000,1.00000
SPY,2020-12-18,360.0000,put,buy,2020-12-14T20:51:30.828978Z,debit,1.00000,limit,long_put,,2.11000000,1.00000
QQQ,2020-12-18,300.0000,put,buy,2020-12-14T20:23:52.280432Z,debit,1.00000,limit,long_put,,1.54000000,1.00000
QQQ,2020-12-18,300.0000,put,buy,2020-12-14T20:20:20.424437Z,debit,1.00000,limit,long_put,,1.58000000,1.00000
QQQ,2020-12-18,295.0000,put,sell,2020-12-14T20:20:08.944928Z,credit,1.00000,limit,,long_put,0.83000000,1.00000
CHWY,2021-01-15,75.0000,call,sell,2020-12-14T20:19:55.445199Z,credit,1.00000,limit,,long_call,10.10000000,1.00000
SPY,2020-12-18,360.0000,put,buy,2020-12-14T19:41:50.303536Z,debit,2.00000,limit,long_put,,1.79000000,2.00000
SPY,2020-12-18,360.0000,put,buy,2020-12-14T17:00:18.604574Z,debit,2.00000,limit,long_put,,1.25000000,2.00000
SQ,2021-01-15,180.0000,call,sell,2020-12-11T17:36:46.620852Z,credit,1.00000,limit,,long_call,36.80000000,1.00000
SPY,2020-12-18,360.0000,put,buy,2020-12-11T17:21:12.446772Z,debit,1.00000,limit,long_put,,3.47000000,1.00000
SPY,2020-12-18,360.0000,put,buy,2020-12-11T17:18:33.156076Z,debit,1.00000,limit,long_put,,3.27000000,1.00000
VXX,2020-12-18,20.0000,call,buy,2020-12-11T17:18:10.158587Z,debit,2.00000,limit,long_call,,0.61000000,2.00000
VXX,2020-12-18,20.0000,call,buy,2020-12-11T16:42:10.847040Z,debit,3.00000,limit,long_call,,0.54000000,3.00000
SPY,2020-12-18,365.0000,put,buy,2020-12-10T20:42:07.210787Z,debit,1.00000,limit,long_put,,3.39000000,1.00000
QQQ,2020-12-18,295.0000,put,buy,2020-12-10T17:00:55.017758Z,debit,1.00000,limit,long_put,,2.26000000,1.00000
SQ,2020-12-11,210.0000,call,sell,2020-12-10T15:04:16.387899Z,credit,1.00000,limit,,long_call,3.45000000,1.00000
TDOC,2020-12-18,200.0000,call,sell,2020-12-10T14:49:02.248179Z,credit,1.00000,limit,,long_call,4.60000000,1.00000
TDOC,2020-12-18,200.0000,call,buy,2020-12-09T19:31:58.291453Z,debit,1.00000,limit,long_call,,3.30000000,1.00000
CHWY,2021-04-16,100.0000,call,buy,2020-12-09T19:13:31.880061Z,debit,1.00000,limit,long_call,,4.60000000,1.00000
SQ,2020-12-11,210.0000,call,buy,2020-12-09T19:08:18.714458Z,debit,1.00000,limit,long_call,,3.15000000,1.00000
CHWY,2021-01-15,75.0000,call,sell,2020-12-08T20:55:27.137957Z,credit,2.00000,limit,,long_call,9.00000000,2.00000
CHWY,2021-04-16,100.0000,call,buy,2020-12-02T20:56:45.384676Z,debit,1.00000,limit,long_call,,3.10000000,1.00000
CHWY,2021-01-15,75.0000,call,buy,2020-12-02T20:14:32.400670Z,debit,1.00000,limit,long_call,,5.05000000,1.00000
SPY,2020-12-02,360.0000,put,buy,2020-11-30T15:32:51.068236Z,debit,1.00000,limit,long_put,,1.77000000,1.00000
NEE,2020-12-18,80.0000,call,buy,2020-11-27T15:16:43.674519Z,debit,2.00000,limit,long_call,,0.40000000,2.00000
BA,2020-11-27,200.0000,put,buy,2020-11-23T19:32:46.074244Z,debit,1.00000,limit,long_put,,0.76000000,1.00000
SPY,2020-11-30,355.0000,put,buy,2020-11-23T15:32:48.043528Z,debit,2.00000,limit,long_put,,2.75000000,2.00000
CHWY,2021-01-15,75.0000,call,sell,2020-11-20T18:08:40.870649Z,credit,3.00000,limit,,long_call,4.65000000,3.00000
SPY,2020-11-27,355.0000,put,buy,2020-11-20T16:52:45.809357Z,debit,2.00000,limit,long_put,,2.42000000,2.00000
QQQ,2020-11-27,285.0000,put,sell,2020-11-20T16:52:01.678647Z,credit,6.00000,limit,,long_put,0.91000000,6.00000
SPY,2020-11-20,358.0000,put,sell,2020-11-19T16:11:09.499197Z,credit,2.00000,limit,,long_put,3.09000000,2.00000
TDOC,2021-01-15,200.0000,call,buy,2020-11-18T19:37:46.556742Z,debit,1.00000,limit,long_call,,9.20000000,1.00000
QQQ,2020-11-27,285.0000,put,buy,2020-11-18T19:30:59.927020Z,debit,1.00000,limit,long_put,,1.61000000,1.00000
QQQ,2020-11-27,285.0000,put,buy,2020-11-18T19:17:35.303757Z,debit,1.00000,limit,long_put,,1.63000000,1.00000
SQ,2020-11-20,180.0000,put,buy,2020-11-18T15:08:35.238834Z,debit,1.00000,limit,long_put,,1.45000000,1.00000
SQ,2020-11-20,190.0000,call,sell,2020-11-18T14:55:59.433785Z,credit,4.00000,limit,,long_call,1.04000000,4.00000
SQ,2020-11-20,190.0000,call,buy,2020-11-18T14:42:22.093562Z,debit,2.00000,limit,long_call,,1.69000000,2.00000
SQ,2020-11-20,190.0000,call,buy,2020-11-18T14:39:14.049900Z,debit,2.00000,limit,long_call,,2.05000000,2.00000
QQQ,2020-11-27,285.0000,put,buy,2020-11-17T20:20:58.416904Z,debit,2.00000,limit,long_put,,1.80000000,2.00000
QQQ,2020-11-27,285.0000,put,buy,2020-11-17T16:52:39.422380Z,debit,2.00000,limit,long_put,,2.02000000,2.00000
SQ,2020-11-20,180.0000,call,sell,2020-11-17T14:49:57.091412Z,credit,2.00000,limit,,long_call,5.30000000,2.00000
SQ,2020-11-20,180.0000,call,sell,2020-11-16T20:51:32.810411Z,credit,1.00000,limit,,long_call,3.10000000,1.00000
SPY,2020-11-20,358.0000,put,buy,2020-11-16T20:30:49.309822Z,debit,2.00000,limit,long_put,,1.93000000,2.00000
SQ,2020-11-20,180.0000,call,sell,2020-11-16T20:08:00.718947Z,credit,3.00000,limit,,long_call,2.74000000,3.00000
SQ,2020-11-20,180.0000,call,sell,2020-11-16T18:58:03.929442Z,credit,6.00000,limit,,long_call,3.30000000,6.00000
SQ,2020-11-20,180.0000,call,buy,2020-11-16T17:50:21.808946Z,debit,1.00000,limit,long_call,,2.93000000,1.00000
SQ,2020-11-20,180.0000,call,buy,2020-11-16T17:38:41.789897Z,debit,1.00000,limit,long_call,,2.54000000,1.00000
SQ,2020-11-20,180.0000,call,buy,2020-11-16T17:26:14.105006Z,debit,1.00000,limit,long_call,,2.33000000,1.00000
SQ,2020-11-20,180.0000,call,buy,2020-11-16T17:21:41.838426Z,debit,2.00000,limit,long_call,,2.14000000,2.00000
AAPL,2021-01-15,130.0000,call,sell,2020-11-16T17:20:30.432550Z,credit,1.00000,limit,,long_call,2.60000000,1.00000
SQ,2020-11-20,180.0000,call,buy,2020-11-16T16:57:36.701690Z,debit,1.00000,limit,long_call,,2.84000000,1.00000
SQ,2020-11-20,180.0000,call,buy,2020-11-16T16:55:08.107645Z,debit,1.00000,limit,long_call,,2.78000000,1.00000
SQ,2020-11-20,180.0000,call,buy,2020-11-16T15:17:28.999410Z,debit,1.00000,limit,long_call,,2.69000000,1.00000
SQ,2020-11-20,180.0000,call,buy,2020-11-16T14:56:44.941838Z,debit,1.00000,limit,long_call,,2.91000000,1.00000
SQ,2020-11-20,180.0000,call,buy,2020-11-16T14:53:56.294880Z,debit,1.00000,limit,long_call,,2.95000000,1.00000
SQ,2020-11-20,180.0000,call,buy,2020-11-16T14:40:39.333615Z,debit,1.00000,limit,long_call,,3.20000000,1.00000
SQ,2020-11-20,180.0000,call,buy,2020-11-16T14:39:01.243982Z,debit,1.00000,limit,long_call,,2.63000000,1.00000
SPY,2021-01-15,380.0000,call,sell,2020-11-16T14:31:44.777370Z,credit,1.00000,limit,,long_call,3.00000000,1.00000
TDOC,2021-01-15,200.0000,call,buy,2020-11-13T16:01:50.466669Z,debit,1.00000,limit,long_call,,9.60000000,1.00000
QQQ,2020-11-13,285.0000,put,sell,2020-11-12T19:56:25.105778Z,credit,2.00000,limit,,long_put,1.06000000,2.00000
SQ,2020-12-18,180.0000,call,sell,2020-11-12T19:47:42.280362Z,credit,1.00000,limit,,long_call,10.60000000,1.00000
BABA,2020-11-20,280.0000,call,sell,2020-11-12T18:25:37.952391Z,credit,1.00000,limit,,long_call,2.13000000,1.00000
SPY,2020-11-13,350.0000,put,buy,2020-11-12T18:13:02.809930Z,debit,1.00000,limit,long_put,,1.21000000,1.00000
QQQ,2020-11-13,285.0000,put,buy,2020-11-12T16:49:25.110074Z,debit,2.00000,limit,long_put,,0.69000000,2.00000
QQQ,2020-11-13,285.0000,put,buy,2020-11-12T16:08:29.419375Z,debit,2.00000,limit,long_put,,0.47000000,2.00000
V,2021-01-15,210.0000,call,sell,2020-11-12T16:00:59.783094Z,credit,1.00000,limit,,long_call,8.85000000,1.00000
CHWY,2021-01-15,75.0000,call,buy,2020-11-12T15:19:59.028268Z,debit,1.00000,limit,long_call,,2.97000000,1.00000
QQQ,2020-11-13,285.0000,put,buy,2020-11-11T18:58:21.474653Z,debit,1.00000,limit,long_put,,1.14000000,1.00000
QQQ,2020-11-13,285.0000,put,buy,2020-11-11T18:52:44.529641Z,debit,1.00000,limit,long_put,,1.07000000,1.00000
QQQ,2020-11-13,285.0000,put,buy,2020-11-11T17:42:29.719324Z,debit,1.00000,limit,long_put,,1.14000000,1.00000
BABA,2020-11-20,280.0000,call,buy,2020-11-10T18:30:28.566853Z,debit,1.00000,limit,long_call,,5.75000000,1.00000
CHWY,2021-01-15,75.0000,call,buy,2020-11-10T17:54:42.301556Z,debit,1.00000,limit,long_call,,1.97000000,1.00000
CHWY,2021-01-15,75.0000,call,buy,2020-11-10T17:14:16.993439Z,debit,5.00000,limit,long_call,,2.07000000,5.00000
CHWY,2021-01-15,85.0000,call,sell,2020-11-10T17:13:49.245534Z,credit,5.00000,limit,,long_call,0.92000000,5.00000
CHWY,2021-01-15,90.0000,call,sell,2020-11-10T17:13:26.706031Z,credit,7.00000,limit,,long_call,0.67000000,7.00000
QQQ,2020-11-20,278.0000,put,buy,2020-11-10T16:43:21.478644Z,debit,1.00000,limit,long_put,,3.05000000,1.00000
QQQ,2020-11-13,290.0000,put,sell,2020-11-10T16:42:42.928360Z,credit,1.00000,limit,,long_put,6.00000000,1.00000
SPY,2020-11-16,350.0000,put,buy,2020-11-10T16:18:20.993629Z,debit,1.00000,limit,long_put,,3.11000000,1.00000
SQ,2021-01-15,180.0000,call,buy,2020-11-10T15:33:24.969413Z,debit,1.00000,limit,long_call,,11.55000000,1.00000
SQ,2021-01-15,185.0000,call,sell,2020-11-10T15:32:42.555303Z,credit,1.00000,limit,,long_call,9.85000000,1.00000
V,2021-01-15,210.0000,call,sell,2020-11-10T15:31:43.956744Z,credit,1.00000,limit,,long_call,10.75000000,1.00000
SQ,2020-12-18,180.0000,call,buy,2020-11-10T15:26:56.826242Z,debit,1.00000,limit,long_call,,8.60000000,1.00000
SQ,2020-11-13,170.0000,put,sell,2020-11-10T14:51:13.768306Z,credit,1.00000,limit,,long_put,1.51000000,1.00000
CHWY,2021-01-15,85.0000,call,buy,2020-11-09T15:36:55.847196Z,debit,2.00000,limit,long_call,,1.65000000,2.00000
CHWY,2021-01-15,85.0000,call,buy,2020-11-09T15:18:59.663271Z,debit,3.00000,limit,long_call,,1.90000000,3.00000
CHWY,2020-12-18,80.0000,call,sell,2020-11-09T15:17:58.429934Z,credit,4.00000,limit,,long_call,1.64000000,4.00000
V,2021-01-15,210.0000,call,sell,2020-11-09T14:45:02.762005Z,credit,2.00000,limit,,long_call,13.15000000,2.00000
SPY,2020-11-13,345.0000,put,buy,2020-11-06T20:09:22.797229Z,debit,2.00000,limit,long_put,,2.82000000,2.00000
SQ,2021-01-15,185.0000,call,sell,2020-11-06T19:48:11.467587Z,credit,1.00000,limit,,long_call,25.15000000,1.00000
SQ,2020-11-13,170.0000,put,buy,2020-11-05T20:03:45.612654Z,debit,1.00000,limit,long_put,,6.25000000,1.00000
SQ,2020-11-13,160.0000,put,sell,2020-11-05T20:03:08.321910Z,credit,1.00000,limit,,long_put,2.85000000,1.00000
SQ,2020-11-13,160.0000,put,buy,2020-11-05T19:57:59.933168Z,debit,1.00000,limit,long_put,,2.93000000,1.00000
QQQ,2020-11-13,290.0000,put,buy,2020-11-05T15:44:01.027535Z,debit,1.00000,limit,long_put,,3.91000000,1.00000
MSFT,2021-01-15,225.0000,call,sell,2020-11-05T15:02:38.166158Z,credit,1.00000,limit,,long_call,10.60000000,1.00000
SPY,2020-11-06,340.0000,put,buy,2020-11-04T15:33:50.095163Z,debit,1.00000,limit,long_put,,2.07000000,1.00000
QQQ,2020-11-06,280.0000,put,buy,2020-11-04T15:32:28.110478Z,debit,1.00000,limit,long_put,,1.36000000,1.00000
CHWY,2020-11-20,70.0000,call,sell,2020-11-04T15:31:31.331067Z,credit,1.00000,limit,,long_call,2.48000000,1.00000
VXX,2020-11-06,27.0000,call,buy,2020-11-03T19:29:25.008426Z,debit,3.00000,limit,long_call,,1.09000000,3.00000
CHWY,2020-12-18,80.0000,call,buy,2020-11-02T20:21:08.819320Z,debit,1.00000,limit,long_call,,1.33000000,1.00000
CHWY,2021-01-15,90.0000,call,buy,2020-11-02T20:20:37.205147Z,debit,2.00000,limit,long_call,,1.13000000,2.00000
SPY,2020-11-04,328.0000,put,sell,2020-11-02T18:27:09.128727Z,credit,1.00000,limit,,long_put,5.69000000,1.00000
SPY,2020-11-04,328.0000,put,buy,2020-11-02T15:09:02.094416Z,debit,1.00000,limit,long_put,,4.50000000,1.00000
CHWY,2020-11-20,70.0000,call,buy,2020-10-30T15:09:40.586273Z,debit,1.00000,limit,long_call,,1.91000000,1.00000
CHWY,2021-01-15,90.0000,call,buy,2020-10-30T15:08:48.529689Z,debit,1.00000,limit,long_call,,1.61000000,1.00000
CHWY,2021-01-15,90.0000,call,buy,2020-10-30T15:08:29.314917Z,debit,2.00000,limit,long_call,,1.58000000,2.00000
DKNG,2021-01-15,50.0000,call,sell,2020-10-30T15:07:55.634663Z,credit,2.00000,limit,,long_call,2.00000000,2.00000
CHWY,2020-12-18,80.0000,call,buy,2020-10-30T15:01:48.246785Z,debit,1.00000,limit,long_call,,1.83000000,1.00000
QQQ,2020-11-20,260.0000,put,buy,2020-10-30T14:30:58.177917Z,debit,1.00000,limit,long_put,,6.89000000,1.00000
SQ,2021-01-15,185.0000,call,buy,2020-10-30T14:30:13.135814Z,debit,1.00000,limit,long_call,,7.60000000,1.00000
SQ,2021-01-15,185.0000,call,buy,2020-10-30T14:03:02.216475Z,debit,1.00000,limit,long_call,,9.10000000,1.00000
SQ,2020-11-27,200.0000,call,sell,2020-10-30T14:01:34.658547Z,credit,2.00000,limit,,long_call,2.01000000,2.00000
CHWY,2020-12-18,80.0000,call,buy,2020-10-30T13:58:32.956717Z,debit,2.00000,limit,long_call,,2.47000000,2.00000
CHWY,2021-01-15,90.0000,call,buy,2020-10-30T13:55:26.174353Z,debit,2.00000,limit,long_call,,2.00000000,2.00000
SQ,2020-11-27,200.0000,call,buy,2020-10-29T19:06:04.538987Z,debit,2.00000,limit,long_call,,3.20000000,2.00000
CHWY,2020-11-20,70.0000,call,sell,2020-10-29T16:35:09.112442Z,credit,2.00000,limit,,long_call,4.10000000,2.00000
FSLY,2020-11-20,85.0000,call,sell,2020-10-29T16:00:26.592328Z,credit,1.00000,limit,,long_call,1.45000000,1.00000
BA,2020-12-18,180.0000,call,sell,2020-10-29T15:23:38.165145Z,credit,2.00000,limit,,long_call,3.40000000,2.00000
AAPL,2021-01-15,130.0000,call,buy,2020-10-28T15:51:13.595659Z,debit,1.00000,limit,long_call,,3.25000000,1.00000
AAPL,2020-12-18,130.0000,call,sell,2020-10-28T15:50:49.045819Z,credit,1.00000,limit,,long_call,2.07000000,1.00000
V,2021-01-15,210.0000,call,buy,2020-10-28T15:49:04.417189Z,debit,1.00000,limit,long_call,,2.32000000,1.00000
FSLY,2020-11-20,85.0000,call,buy,2020-10-28T15:11:12.800464Z,debit,1.00000,limit,long_call,,3.50000000,1.00000
V,2021-01-15,210.0000,call,buy,2020-10-28T14:45:33.537878Z,debit,1.00000,limit,long_call,,2.25000000,1.00000
SPY,2020-10-28,335.0000,put,sell,2020-10-28T14:10:31.880602Z,credit,1.00000,limit,,long_put,4.66000000,1.00000
CHWY,2020-11-20,70.0000,call,sell,2020-10-28T14:09:47.187228Z,credit,4.00000,limit,,long_call,5.85000000,4.00000
SPY,2020-10-28,335.0000,put,sell,2020-10-28T14:09:14.945883Z,credit,1.00000,limit,,long_put,4.43000000,1.00000
BA,2020-12-18,180.0000,call,buy,2020-10-27T16:45:26.268968Z,debit,1.00000,limit,long_call,,5.40000000,1.00000
AAPL,2020-12-18,130.0000,call,buy,2020-10-27T15:30:05.108071Z,debit,1.00000,limit,long_call,,2.66000000,1.00000
AAPL,2020-11-20,125.0000,call,sell,2020-10-27T15:29:47.087679Z,credit,1.00000,limit,,long_call,2.30000000,1.00000
AMD,2020-11-20,90.0000,call,sell,2020-10-27T15:28:28.344563Z,credit,4.00000,limit,,long_call,1.54000000,4.00000
V,2021-01-15,210.0000,call,buy,2020-10-27T15:10:05.170821Z,debit,1.00000,limit,long_call,,3.45000000,1.00000
V,2020-12-18,200.0000,call,sell,2020-10-27T15:05:43.100834Z,credit,1.00000,limit,,long_call,4.70000000,1.00000
V,2021-01-15,210.0000,call,buy,2020-10-27T15:05:27.318326Z,debit,1.00000,limit,long_call,,3.45000000,1.00000
V,2020-12-18,200.0000,call,buy,2020-10-26T19:47:44.181208Z,debit,1.00000,limit,long_call,,5.55000000,1.00000
V,2020-11-20,200.0000,call,sell,2020-10-26T19:47:20.046153Z,credit,1.00000,limit,,long_call,3.50000000,1.00000
CHWY,2020-11-20,70.0000,call,buy,2020-10-26T17:31:43.099537Z,debit,3.00000,limit,long_call,,1.54000000,3.00000
SPY,2020-10-28,335.0000,put,buy,2020-10-26T15:03:45.908263Z,debit,2.00000,limit,long_put,,1.50000000,2.00000
AMD,2020-11-20,90.0000,call,buy,2020-10-23T19:35:32.532156Z,debit,1.00000,limit,long_call,,2.74000000,1.00000
CHWY,2020-11-20,70.0000,call,buy,2020-10-23T19:24:44.987728Z,debit,3.00000,limit,long_call,,1.84000000,3.00000
SPY,2021-01-15,380.0000,call,buy,2020-10-23T19:22:47.968291Z,debit,1.00000,limit,long_call,,1.92000000,1.00000
DKNG,2021-01-15,50.0000,call,buy,2020-10-23T18:06:55.113509Z,debit,2.00000,limit,long_call,,5.30000000,2.00000
DKNG,2021-01-15,55.0000,call,sell,2020-10-23T18:00:44.917014Z,credit,2.00000,limit,,long_call,4.00000000,2.00000
AMD,2020-11-20,90.0000,call,buy,2020-10-20T19:18:30.127727Z,debit,1.00000,limit,long_call,,3.05000000,1.00000
V,2020-11-20,205.0000,call,sell,2020-10-20T19:07:14.351849Z,credit,2.00000,limit,,long_call,4.05000000,2.00000
V,2020-11-20,200.0000,call,buy,2020-10-20T19:06:58.874354Z,debit,1.00000,limit,long_call,,6.20000000,1.00000
V,2020-11-20,205.0000,call,buy,2020-10-15T15:43:31.564545Z,debit,1.00000,limit,long_call,,5.10000000,1.00000
QQQ,2020-10-23,286.0000,put,sell,2020-10-15T14:18:17.763088Z,credit,1.00000,limit,,long_put,4.02000000,1.00000
SPY,2020-10-14,347.0000,put,sell,2020-10-14T18:51:07.313100Z,credit,1.00000,limit,,long_put,0.35000000,1.00000
DKNG,2021-01-15,55.0000,call,buy,2020-10-14T15:28:07.318647Z,debit,1.00000,limit,long_call,,7.00000000,1.00000
CHWY,2020-10-16,62.0000,call,sell,2020-10-14T15:21:00.677755Z,credit,1.00000,limit,,long_call,3.80000000,1.00000
SPY,2020-10-14,347.0000,put,buy,2020-10-13T18:52:20.103636Z,debit,1.00000,limit,long_put,,0.79000000,1.00000
AAPL,2020-10-23,125.0000,call,buy,2020-10-13T18:25:23.681042Z,debit,1.00000,limit,long_call,,2.22000000,1.00000
AAPL,2020-11-20,125.0000,call,buy,2020-10-13T18:23:44.739763Z,debit,1.00000,limit,long_call,,5.50000000,1.00000
QQQ,2020-10-30,300.0000,call,buy,2020-10-13T18:08:55.864273Z,debit,1.00000,limit,long_call,,4.92000000,1.00000
QQQ,2020-10-23,286.0000,put,sell,2020-10-13T18:08:10.666034Z,credit,1.00000,limit,,long_put,3.02000000,1.00000
SPY,2020-10-14,347.0000,put,sell,2020-10-13T18:07:52.453889Z,credit,2.00000,limit,,long_put,0.71000000,2.00000
SPY,2020-10-14,347.0000,put,buy,2020-10-13T17:35:17.054552Z,debit,2.00000,limit,long_put,,0.44000000,2.00000
BA,2020-12-18,180.0000,call,buy,2020-10-13T14:23:03.178288Z,debit,1.00000,limit,long_call,,9.75000000,1.00000
BA,2020-11-20,175.0000,call,sell,2020-10-13T14:22:41.576054Z,credit,1.00000,limit,,long_call,7.95000000,1.00000
QQQ,2020-10-23,286.0000,put,buy,2020-10-12T19:51:15.976231Z,debit,1.00000,limit,long_put,,3.06000000,1.00000
QQQ,2020-10-23,286.0000,put,buy,2020-10-12T15:52:45.136543Z,debit,1.00000,limit,long_put,,2.73000000,1.00000
CHWY,2020-10-16,62.0000,call,sell,2020-10-12T15:21:38.363287Z,credit,1.00000,limit,,long_call,2.74000000,1.00000
CHWY,2020-10-16,62.0000,call,sell,2020-10-12T13:30:45.722102Z,credit,2.00000,limit,,long_call,1.78000000,2.00000
TSLA,2020-11-20,570.0000,call,sell,2020-10-09T17:08:32.473091Z,credit,1.00000,limit,,long_call,10.45000000,1.00000
DKNG,2021-01-15,55.0000,call,buy,2020-10-09T17:08:04.444317Z,debit,1.00000,limit,long_call,,7.00000000,1.00000
AMD,2020-11-20,90.0000,call,buy,2020-10-09T16:39:51.856389Z,debit,1.00000,limit,long_call,,4.05000000,1.00000
CHWY,2020-10-16,62.0000,call,buy,2020-10-09T16:09:56.190303Z,debit,2.00000,limit,long_call,,1.10000000,2.00000
CHWY,2020-10-16,62.0000,call,buy,2020-10-09T15:53:10.452841Z,debit,2.00000,limit,long_call,,0.97000000,2.00000
AMD,2020-11-20,90.0000,call,buy,2020-10-09T14:45:08.334992Z,debit,1.00000,limit,long_call,,4.65000000,1.00000
TSLA,2020-11-20,570.0000,call,buy,2020-10-08T16:52:01.615812Z,debit,1.00000,limit,long_call,,13.15000000,1.00000
QQQ,2020-10-09,275.0000,put,buy,2020-10-07T15:23:14.397227Z,debit,1.00000,limit,long_put,,1.21000000,1.00000
QQQ,2020-10-09,275.0000,put,buy,2020-10-07T14:01:14.624485Z,debit,2.00000,limit,long_put,,1.41000000,2.00000
TSLA,2020-11-20,570.0000,call,sell,2020-10-06T19:09:09.519655Z,credit,1.00000,limit,,long_call,10.60000000,1.00000
V,2020-11-20,205.0000,call,sell,2020-10-06T19:06:43.815566Z,credit,1.00000,limit,,long_call,6.90000000,1.00000
QQQ,2020-10-09,275.0000,put,sell,2020-10-06T18:58:55.630922Z,credit,2.00000,limit,,long_put,2.10000000,2.00000
BA,2020-11-20,175.0000,call,sell,2020-10-06T18:55:18.591178Z,credit,1.00000,limit,,long_call,9.15000000,1.00000
ADBE,2020-10-16,500.0000,call,sell,2020-10-06T18:53:22.092863Z,credit,1.00000,limit,,long_call,5.45000000,1.00000
QQQ,2020-10-09,275.0000,put,buy,2020-10-06T16:49:14.832831Z,debit,2.00000,limit,long_put,,1.41000000,2.00000
QQQ,2020-10-09,275.0000,put,buy,2020-10-06T16:25:12.143947Z,debit,2.00000,limit,long_put,,1.52000000,2.00000
BRKB,2020-10-16,220.0000,call,sell,2020-10-06T15:33:54.855314Z,credit,1.00000,limit,,long_call,0.45000000,1.00000
BRKB,2020-10-16,220.0000,call,sell,2020-10-06T15:33:49.037401Z,credit,1.00000,limit,,long_call,0.45000000,1.00000
AYX,2020-11-20,125.0000,call,sell,2020-10-06T14:02:13.852160Z,credit,1.00000,limit,,long_call,24.80000000,1.00000
SPY,2020-10-09,330.0000,put,buy,2020-10-05T15:35:58.853563Z,debit,3.00000,limit,long_put,,1.12000000,3.00000
BRKB,2020-10-16,220.0000,call,buy,2020-10-02T16:45:04.260995Z,debit,2.00000,limit,long_call,,1.24000000,2.00000
ADBE,2020-10-16,500.0000,call,buy,2020-10-02T16:33:09.160096Z,debit,1.00000,limit,long_call,,7.70000000,1.00000
ROKU,2020-10-16,190.0000,call,sell,2020-10-01T14:02:02.024867Z,credit,1.00000,limit,,long_call,12.60000000,1.00000
AAPL,2020-10-16,115.0000,call,sell,2020-09-30T13:57:29.580534Z,credit,1.00000,limit,,long_call,4.55000000,1.00000
SPY,2020-10-07,328.0000,put,buy,2020-09-29T18:26:56.038597Z,debit,1.00000,limit,long_put,,2.71000000,1.00000
SPY,2020-10-02,320.0000,put,buy,2020-09-24T19:46:19.342772Z,debit,1.00000,limit,long_put,,3.52000000,1.00000
ROKU,2020-10-16,190.0000,call,buy,2020-09-24T18:35:50.955143Z,debit,1.00000,limit,long_call,,7.70000000,1.00000
V,2020-11-20,205.0000,call,buy,2020-09-24T16:08:47.310853Z,debit,1.00000,limit,long_call,,6.35000000,1.00000
TSLA,2020-11-20,570.0000,call,buy,2020-09-23T14:48:35.221898Z,debit,1.00000,limit,long_call,,20.35000000,1.00000
BA,2020-11-20,175.0000,call,buy,2020-09-22T18:45:07.766531Z,debit,1.00000,limit,long_call,,8.55000000,1.00000
SHOP,2020-10-16,1000.0000,call,sell,2020-09-22T18:41:58.816959Z,credit,1.00000,limit,,long_call,34.50000000,1.00000
VXX,2020-09-25,30.0000,call,sell,2020-09-21T18:54:14.345762Z,credit,2.00000,limit,,long_call,0.33000000,2.00000
SQ,2020-10-16,150.0000,call,sell,2020-09-21T17:47:00.677927Z,credit,1.00000,limit,,long_call,9.80000000,1.00000
AYX,2020-11-20,125.0000,call,buy,2020-09-21T16:34:37.188002Z,debit,1.00000,limit,long_call,,7.05000000,1.00000
MSFT,2021-01-15,225.0000,call,buy,2020-09-21T15:55:45.651374Z,debit,1.00000,limit,long_call,,6.95000000,1.00000
V,2020-11-20,205.0000,call,buy,2020-09-21T14:58:16.753502Z,debit,1.00000,limit,long_call,,6.30000000,1.00000
BA,2020-11-20,175.0000,call,buy,2020-09-21T13:47:49.448577Z,debit,1.00000,limit,long_call,,9.20000000,1.00000
BA,2020-11-20,200.0000,call,sell,2020-09-21T13:47:23.059248Z,credit,2.00000,limit,,long_call,4.35000000,2.00000
ROKU,2020-10-16,175.0000,call,sell,2020-09-21T13:40:16.675174Z,credit,1.00000,limit,,long_call,11.25000000,1.00000
ROKU,2020-10-16,175.0000,call,sell,2020-09-21T13:39:55.823981Z,credit,1.00000,limit,,long_call,11.05000000,1.00000
BA,2020-11-20,200.0000,call,buy,2020-09-18T19:59:50.851596Z,debit,1.00000,limit,long_call,,5.20000000,1.00000
ROKU,2020-10-16,175.0000,call,buy,2020-09-18T16:09:09.379144Z,debit,1.00000,limit,long_call,,6.25000000,1.00000
TSLA,2020-10-16,550.0000,call,sell,2020-09-18T13:32:28.502013Z,credit,1.00000,limit,,long_call,29.90000000,1.00000
SHOP,2020-10-16,1000.0000,call,buy,2020-09-17T18:16:31.416051Z,debit,1.00000,limit,long_call,,17.80000000,1.00000
TSLA,2020-10-16,550.0000,call,buy,2020-09-17T16:38:30.944329Z,debit,1.00000,limit,long_call,,25.25000000,1.00000
SQ,2020-10-16,150.0000,call,buy,2020-09-17T15:09:32.117407Z,debit,1.00000,limit,long_call,,7.55000000,1.00000
ROKU,2020-10-16,175.0000,call,buy,2020-09-17T15:05:59.134529Z,debit,1.00000,limit,long_call,,8.50000000,1.00000
AAPL,2020-10-16,115.0000,call,buy,2020-09-17T14:08:33.483827Z,debit,1.00000,limit,long_call,,4.25000000,1.00000
SPY,2020-09-18,335.0000,put,sell,2020-09-17T14:06:45.580458Z,credit,1.00000,limit,,long_put,2.76000000,1.00000
VXX,2020-09-18,27.0000,call,sell,2020-09-17T14:04:01.120779Z,credit,4.00000,limit,,long_call,0.20000000,4.00000
SPY,2020-09-18,335.0000,put,sell,2020-09-17T14:02:33.595869Z,credit,1.00000,limit,,long_put,3.32000000,1.00000
ADBE,2020-09-18,495.0000,call,sell,2020-09-16T17:27:46.654761Z,credit,1.00000,limit,,long_call,3.50000000,1.00000
VXX,2020-09-25,30.0000,call,buy,2020-09-16T16:47:26.268854Z,debit,2.00000,limit,long_call,,0.48000000,2.00000
ADBE,2020-09-18,495.0000,call,buy,2020-09-16T16:26:17.898813Z,debit,1.00000,limit,long_call,,4.20000000,1.00000
NEE,2020-09-18,290.0000,call,buy,2020-09-16T16:18:17.094632Z,debit,3.00000,limit,long_call,,0.50000000,3.00000
TSLA,2020-11-20,600.0000,call,sell,2020-09-15T18:45:37.465923Z,credit,1.00000,limit,,long_call,49.30000000,1.00000
AAPL,2020-10-16,120.0000,call,sell,2020-09-15T18:06:30.819941Z,credit,1.00000,limit,,long_call,4.35000000,1.00000
SPY,2020-09-18,335.0000,put,buy,2020-09-15T18:02:41.455245Z,debit,1.00000,limit,long_put,,1.46000000,1.00000
SQ,2020-10-16,150.0000,call,sell,2020-09-15T15:42:57.584058Z,credit,1.00000,limit,,long_call,14.70000000,1.00000
VXX,2020-09-18,27.0000,call,buy,2020-09-14T19:02:44.935070Z,debit,1.00000,limit,long_call,,0.56000000,1.00000
VXX,2020-09-18,27.0000,call,buy,2020-09-14T18:05:30.643123Z,debit,1.00000,limit,long_call,,0.63000000,1.00000
SPY,2020-09-18,335.0000,put,buy,2020-09-14T15:22:30.970536Z,debit,1.00000,limit,long_put,,2.69000000,1.00000
VXX,2020-09-18,27.0000,call,buy,2020-09-14T15:17:31.011615Z,debit,2.00000,limit,long_call,,0.55000000,2.00000
ADBE,2020-10-16,550.0000,call,sell,2020-09-14T14:05:03.794506Z,credit,1.00000,limit,,long_call,7.50000000,1.00000
ADBE,2020-10-16,550.0000,call,buy,2020-09-11T18:40:31.723945Z,debit,1.00000,limit,long_call,,6.55000000,1.00000
SPOT,2020-10-16,270.0000,call,sell,2020-09-11T18:27:19.350483Z,credit,1.00000,limit,,long_call,6.70000000,1.00000
AAPL,2020-10-16,120.0000,call,buy,2020-09-11T18:06:44.216687Z,debit,1.00000,limit,long_call,,3.20000000,1.00000
AAPL,2020-10-16,125.0000,call,sell,2020-09-11T18:05:22.500101Z,credit,1.00000,limit,,long_call,2.01000000,1.00000
MSFT,2020-10-16,240.0000,call,sell,2020-09-11T16:44:55.937134Z,credit,1.00000,limit,,long_call,1.06000000,1.00000
BA,2020-11-20,200.0000,call,buy,2020-09-09T15:37:04.115821Z,debit,1.00000,limit,long_call,,6.35000000,1.00000
CSCO,2020-10-16,45.0000,call,sell,2020-09-09T15:09:52.707940Z,credit,1.00000,limit,,long_call,0.13000000,1.00000
CVS,2020-10-16,70.0000,call,sell,2020-09-09T15:08:15.722414Z,credit,1.00000,limit,,long_call,0.10000000,1.00000
BA,2020-10-16,190.0000,call,sell,2020-09-09T15:08:01.957960Z,credit,1.00000,limit,,long_call,3.35000000,1.00000
TSLA,2020-11-20,600.0000,call,buy,2020-09-08T16:54:11.714782Z,debit,1.00000,limit,long_call,,16.65000000,1.00000
BA,2020-10-16,190.0000,call,buy,2020-09-08T15:08:12.207358Z,debit,1.00000,limit,long_call,,6.20000000,1.00000
BA,2020-10-16,200.0000,call,sell,2020-09-08T15:07:43.055405Z,credit,1.00000,limit,,long_call,4.45000000,1.00000
BA,2020-10-16,200.0000,call,buy,2020-09-04T17:27:22.125684Z,debit,1.00000,limit,long_call,,6.70000000,1.00000
MSFT,2020-10-16,240.0000,call,buy,2020-09-04T15:46:06.640104Z,debit,1.00000,limit,long_call,,3.30000000,1.00000
AAPL,2020-10-16,125.0000,call,buy,2020-09-04T15:42:01.835758Z,debit,1.00000,limit,long_call,,5.65000000,1.00000
SPOT,2020-10-16,270.0000,call,buy,2020-09-04T14:59:13.909337Z,debit,1.00000,limit,long_call,,12.40000000,1.00000
SQ,2020-10-16,150.0000,call,buy,2020-09-04T14:53:49.171372Z,debit,1.00000,limit,long_call,,8.80000000,1.00000
SQ,2020-10-16,180.0000,call,sell,2020-09-04T14:53:24.097887Z,credit,2.00000,limit,,long_call,2.74000000,2.00000
SPOT,2020-10-16,300.0000,call,sell,2020-09-04T14:53:15.804100Z,credit,2.00000,limit,,long_call,5.40000000,2.00000
VXX,2020-09-04,28.0000,call,sell,2020-09-03T15:08:08.760815Z,credit,1.00000,limit,,long_call,1.27000000,1.00000
SQ,2020-10-16,180.0000,call,buy,2020-09-03T14:15:48.618408Z,debit,1.00000,limit,long_call,,6.25000000,1.00000
SPOT,2020-10-16,300.0000,call,buy,2020-09-02T15:05:48.866228Z,debit,1.00000,limit,long_call,,11.90000000,1.00000
SQ,2020-10-16,180.0000,call,buy,2020-09-02T14:06:44.443699Z,debit,1.00000,limit,long_call,,7.85000000,1.00000
SPOT,2020-10-16,300.0000,call,buy,2020-09-02T13:52:07.966927Z,debit,1.00000,limit,long_call,,13.50000000,1.00000
SPOT,2020-10-16,300.0000,call,sell,2020-09-01T17:42:03.497771Z,credit,1.00000,limit,,long_call,18.60000000,1.00000
VXX,2020-09-04,28.0000,call,buy,2020-09-01T17:08:13.394460Z,debit,1.00000,limit,long_call,,0.85000000,1.00000
VXX,2020-09-04,27.0000,call,sell,2020-09-01T15:15:24.687791Z,credit,2.00000,limit,,long_call,1.24000000,2.00000
NVDA,2020-09-18,500.0000,call,sell,2020-08-31T18:37:41.724036Z,credit,1.00000,limit,,long_call,48.60000000,1.00000
VXX,2020-09-04,27.0000,call,buy,2020-08-28T18:24:51.577154Z,debit,2.00000,limit,long_call,,0.90000000,2.00000
COST,2020-08-28,350.0000,call,sell,2020-08-27T18:54:54.173602Z,credit,1.00000,limit,,long_call,0.62000000,1.00000
SPOT,2020-10-16,300.0000,call,buy,2020-08-27T17:16:35.476680Z,debit,1.00000,limit,long_call,,9.30000000,1.00000
SPY,2020-09-04,345.0000,put,sell,2020-08-27T17:09:31.311664Z,credit,1.00000,limit,,long_put,3.14000000,1.00000
COST,2020-08-28,350.0000,call,buy,2020-08-27T15:55:29.119472Z,debit,1.00000,limit,long_call,,1.10000000,1.00000
CVS,2020-10-16,70.0000,call,buy,2020-08-27T15:52:39.199870Z,debit,1.00000,limit,long_call,,0.44000000,1.00000
CSCO,2020-10-16,45.0000,call,buy,2020-08-27T15:52:21.844246Z,debit,1.00000,limit,long_call,,0.47000000,1.00000
MSFT,2020-09-11,225.0000,call,sell,2020-08-27T14:27:34.867130Z,credit,1.00000,limit,,long_call,9.40000000,1.00000
SPY,2020-09-04,345.0000,put,buy,2020-08-26T17:43:25.033511Z,debit,1.00000,limit,long_put,,2.61000000,1.00000
AAPL,2020-08-28,510.0000,call,sell,2020-08-26T16:34:44.536339Z,credit,1.00000,limit,,long_call,5.85000000,1.00000
AAPL,2020-08-28,510.0000,call,sell,2020-08-26T15:52:13.985491Z,credit,1.00000,limit,,long_call,5.80000000,1.00000
AAPL,2020-08-28,510.0000,call,buy,2020-08-26T14:48:51.819301Z,debit,1.00000,limit,long_call,,4.95000000,1.00000
BYND,2020-09-18,140.0000,call,sell,2020-08-26T14:32:50.139638Z,credit,1.00000,limit,,long_call,1.83000000,1.00000
BA,2020-09-18,195.0000,call,sell,2020-08-26T14:30:45.298938Z,credit,1.00000,limit,,long_call,2.99000000,1.00000
AAPL,2020-08-28,510.0000,call,buy,2020-08-26T14:16:11.538339Z,debit,1.00000,limit,long_call,,5.15000000,1.00000
MSFT,2020-09-11,225.0000,call,sell,2020-08-26T13:51:47.676800Z,credit,1.00000,limit,,long_call,2.76000000,1.00000
SPY,2020-08-28,340.0000,put,buy,2020-08-24T13:53:39.448689Z,debit,1.00000,limit,long_put,,1.67000000,1.00000
V,2020-09-18,205.0000,call,sell,2020-08-24T13:52:27.266356Z,credit,1.00000,limit,,long_call,5.45000000,1.00000
BYND,2020-09-18,140.0000,call,buy,2020-08-21T15:42:32.003342Z,debit,1.00000,limit,long_call,,3.15000000,1.00000
BA,2020-09-18,195.0000,call,buy,2020-08-20T16:19:02.312817Z,debit,1.00000,limit,long_call,,3.20000000,1.00000
BA,2020-09-11,200.0000,call,sell,2020-08-20T16:18:28.178169Z,credit,1.00000,limit,,long_call,1.76000000,1.00000
V,2020-09-18,205.0000,call,sell,2020-08-19T17:43:24.569404Z,credit,1.00000,limit,,long_call,4.35000000,1.00000
MSFT,2020-09-11,225.0000,call,buy,2020-08-18T18:56:43.449839Z,debit,1.00000,limit,long_call,,1.47000000,1.00000
V,2020-08-21,205.0000,call,sell,2020-08-18T18:56:17.410928Z,credit,1.00000,limit,,long_call,0.28000000,1.00000
TLT,2020-08-21,170.0000,call,sell,2020-08-18T18:56:05.371615Z,credit,3.00000,limit,,long_call,0.04000000,3.00000
MSFT,2020-09-11,225.0000,call,buy,2020-08-18T18:54:22.226879Z,debit,1.00000,limit,long_call,,1.46000000,1.00000
V,2020-09-18,205.0000,call,buy,2020-08-18T14:55:48.957213Z,debit,1.00000,limit,long_call,,2.60000000,1.00000
V,2020-09-18,205.0000,call,buy,2020-08-17T15:17:47.912068Z,debit,1.00000,limit,long_call,,3.75000000,1.00000
V,2020-08-21,205.0000,call,buy,2020-08-17T15:05:44.443088Z,debit,1.00000,limit,long_call,,0.65000000,1.00000
BA,2020-08-21,185.0000,call,sell,2020-08-17T14:50:13.787155Z,credit,2.00000,limit,,long_call,1.10000000,2.00000
SQ,2020-09-18,150.0000,call,sell,2020-08-17T13:46:02.388550Z,credit,1.00000,limit,,long_call,7.75000000,1.00000
BA,2020-08-21,185.0000,call,buy,2020-08-12T19:32:18.424974Z,debit,1.00000,limit,long_call,,3.40000000,1.00000
AYX,2020-09-18,130.0000,call,sell,2020-08-12T19:19:19.645558Z,credit,1.00000,limit,,long_call,2.35000000,1.00000
BA,2020-08-21,185.0000,call,buy,2020-08-11T19:32:46.217407Z,debit,1.00000,limit,long_call,,5.80000000,1.00000
V,2020-09-18,205.0000,call,sell,2020-08-11T19:19:27.902231Z,credit,1.00000,limit,,long_call,4.00000000,1.00000
TLT,2020-08-21,170.0000,call,buy,2020-08-11T19:05:51.130827Z,debit,3.00000,limit,long_call,,0.38000000,3.00000
AYX,2020-09-18,130.0000,call,buy,2020-08-11T16:43:57.246222Z,debit,1.00000,limit,long_call,,4.55000000,1.00000
ADBE,2020-08-14,440.0000,call,sell,2020-08-11T15:10:42.589032Z,credit,1.00000,limit,,long_call,5.70000000,1.00000
ADBE,2020-08-14,440.0000,call,buy,2020-08-11T14:56:27.693528Z,debit,1.00000,limit,long_call,,4.05000000,1.00000
FSLY,2020-09-18,95.0000,call,sell,2020-08-11T14:09:23.339833Z,credit,1.00000,limit,,long_call,3.40000000,1.00000
SQ,2020-09-18,150.0000,call,buy,2020-08-10T19:50:43.708621Z,debit,1.00000,limit,long_call,,6.45000000,1.00000
MSFT,2020-08-21,215.0000,call,sell,2020-08-10T19:49:10.646816Z,credit,2.00000,limit,,long_call,1.88000000,2.00000
MSFT,2020-08-21,215.0000,call,buy,2020-08-10T18:59:16.367769Z,debit,2.00000,limit,long_call,,1.82000000,2.00000
NVDA,2020-09-18,500.0000,call,buy,2020-08-10T15:12:19.326245Z,debit,1.00000,limit,long_call,,9.80000000,1.00000
BA,2020-09-11,200.0000,call,buy,2020-08-07T19:45:02.364335Z,debit,1.00000,limit,long_call,,3.80000000,1.00000
V,2020-09-18,205.0000,call,buy,2020-08-07T18:51:08.238497Z,debit,1.00000,limit,long_call,,3.10000000,1.00000
FSLY,2020-09-18,95.0000,call,buy,2020-08-07T16:10:14.243018Z,debit,1.00000,limit,long_call,,5.40000000,1.00000
SPY,2020-08-07,334.0000,put,sell,2020-08-07T14:48:03.858734Z,credit,1.00000,limit,,long_put,0.62000000,1.00000
SPY,2020-08-07,326.0000,put,sell,2020-08-07T14:47:41.706255Z,credit,1.00000,limit,,long_put,0.03000000,1.00000
TDOC,2020-08-14,220.0000,call,sell,2020-08-07T14:47:34.839788Z,credit,2.00000,limit,,long_call,3.10000000,2.00000
TLT,2020-08-21,175.0000,call,sell,2020-08-07T14:47:23.524864Z,credit,2.00000,limit,,long_call,0.49000000,2.00000
TEAM,2020-08-14,180.0000,call,sell,2020-08-07T14:47:14.633044Z,credit,3.00000,limit,,long_call,2.05000000,3.00000
FSLY,2020-08-14,100.0000,call,sell,2020-08-07T14:47:05.473031Z,credit,4.00000,limit,,long_call,0.70000000,4.00000
FSLY,2020-08-14,100.0000,call,buy,2020-08-07T13:32:27.389089Z,debit,1.00000,limit,long_call,,1.60000000,1.00000
SPY,2020-08-07,334.0000,put,buy,2020-08-06T19:25:42.725896Z,debit,1.00000,limit,long_put,,1.38000000,1.00000
FSLY,2020-08-14,100.0000,call,buy,2020-08-06T19:05:33.288020Z,debit,1.00000,limit,long_call,,2.10000000,1.00000
TLT,2020-08-21,175.0000,call,buy,2020-08-06T18:23:34.972207Z,debit,2.00000,limit,long_call,,0.68000000,2.00000
FSLY,2020-08-14,100.0000,call,buy,2020-08-06T17:36:36.477146Z,debit,1.00000,limit,long_call,,2.60000000,1.00000
TDOC,2020-08-14,220.0000,call,buy,2020-08-06T17:33:39.919456Z,debit,1.00000,limit,long_call,,5.30000000,1.00000
FSLY,2020-08-14,100.0000,call,buy,2020-08-06T17:32:28.669934Z,debit,1.00000,limit,long_call,,2.75000000,1.00000
TEAM,2020-08-14,180.0000,call,buy,2020-08-06T16:32:15.715966Z,debit,1.00000,limit,long_call,,2.95000000,1.00000
TDOC,2020-08-14,220.0000,call,buy,2020-08-06T14:03:17.330007Z,debit,1.00000,limit,long_call,,7.80000000,1.00000
DDOG,2020-08-21,95.0000,call,sell,2020-08-06T13:56:13.252345Z,credit,1.00000,limit,,long_call,5.40000000,1.00000
TEAM,2020-08-14,180.0000,call,buy,2020-08-06T13:51:56.910288Z,debit,1.00000,limit,long_call,,3.50000000,1.00000
TDOC,2020-08-14,220.0000,call,sell,2020-08-06T13:36:01.037368Z,credit,1.00000,limit,,long_call,7.30000000,1.00000
SPY,2020-08-07,330.0000,put,buy,2020-08-05T19:11:49.900258Z,debit,1.00000,limit,long_put,,1.00000000,1.00000
TDOC,2020-08-14,220.0000,call,buy,2020-08-05T18:43:22.077450Z,debit,1.00000,limit,long_call,,5.80000000,1.00000
TEAM,2020-08-14,180.0000,call,buy,2020-08-05T17:58:20.015819Z,debit,1.00000,limit,long_call,,4.10000000,1.00000
TEAM,2020-08-14,185.0000,call,sell,2020-08-05T17:55:58.811968Z,credit,1.00000,limit,,long_call,2.20000000,1.00000
SQ,2020-08-21,150.0000,call,sell,2020-08-05T16:43:59.817982Z,credit,1.00000,limit,,long_call,6.50000000,1.00000
DDOG,2020-08-21,95.0000,call,sell,2020-08-05T13:44:56.380065Z,credit,1.00000,limit,,long_call,6.20000000,1.00000
SQ,2020-08-07,135.0000,call,sell,2020-08-05T13:40:03.687358Z,credit,1.00000,limit,,long_call,20.20000000,1.00000
SPY,2020-08-05,330.0000,call,sell,2020-08-05T13:31:50.996370Z,credit,1.00000,limit,,long_call,1.75000000,1.00000
SPY,2020-08-05,330.0000,call,buy,2020-08-04T19:01:35.729916Z,debit,1.00000,limit,long_call,,0.81000000,1.00000
SPY,2020-08-05,328.0000,put,buy,2020-08-04T18:56:10.142228Z,debit,1.00000,limit,long_put,,0.99000000,1.00000
DDOG,2020-08-21,95.0000,call,buy,2020-08-04T15:46:13.603233Z,debit,1.00000,limit,long_call,,6.10000000,1.00000
TEAM,2020-08-14,185.0000,call,buy,2020-08-04T15:45:23.863499Z,debit,1.00000,limit,long_call,,2.50000000,1.00000
TEAM,2020-08-07,175.0000,call,sell,2020-08-04T14:03:57.041807Z,credit,1.00000,limit,,long_call,6.00000000,1.00000
TEAM,2020-08-07,175.0000,call,sell,2020-08-04T13:32:51.948584Z,credit,1.00000,limit,,long_call,5.30000000,1.00000
SQ,2020-08-21,150.0000,call,buy,2020-08-03T19:23:50.235827Z,debit,1.00000,limit,long_call,,4.10000000,1.00000
SPY,2020-08-07,326.0000,put,buy,2020-08-03T15:37:10.060963Z,debit,1.00000,limit,long_put,,1.71000000,1.00000
SQ,2020-08-07,135.0000,call,sell,2020-08-03T13:30:47.024833Z,credit,2.00000,limit,,long_call,4.40000000,2.00000
DAL,2020-08-21,29.0000,call,sell,2020-07-31T19:12:38.300431Z,credit,4.00000,limit,,long_call,0.27000000,4.00000
DDOG,2020-08-21,95.0000,call,buy,2020-07-31T17:33:15.079135Z,debit,1.00000,limit,long_call,,6.10000000,1.00000
TEAM,2020-08-07,175.0000,call,buy,2020-07-31T16:12:41.158061Z,debit,1.00000,limit,long_call,,3.20000000,1.00000
SQ,2020-08-07,135.0000,call,buy,2020-07-31T14:27:45.539803Z,debit,1.00000,limit,long_call,,3.35000000,1.00000
QQQ,2020-07-31,257.0000,put,sell,2020-07-31T14:23:15.345927Z,credit,1.00000,limit,,long_put,0.15000000,1.00000
SQ,2020-08-07,135.0000,call,buy,2020-07-31T14:17:57.895988Z,debit,1.00000,limit,long_call,,3.30000000,1.00000
TEAM,2020-08-07,175.0000,call,buy,2020-07-31T13:43:27.085803Z,debit,1.00000,limit,long_call,,3.80000000,1.00000
ADBE,2020-08-07,445.0000,call,sell,2020-07-31T13:34:53.785437Z,credit,1.00000,limit,,long_call,5.70000000,1.00000
QQQ,2020-07-31,263.0000,call,sell,2020-07-31T13:31:11.332949Z,credit,1.00000,limit,,long_call,2.40000000,1.00000
AAPL,2020-08-21,400.0000,call,sell,2020-07-30T19:57:08.758909Z,credit,1.00000,limit,,long_call,5.85000000,1.00000
QQQ,2020-07-31,263.0000,call,buy,2020-07-30T19:55:45.401648Z,debit,1.00000,limit,long_call,,1.68000000,1.00000
QQQ,2020-07-31,257.0000,put,buy,2020-07-30T19:50:50.055582Z,debit,1.00000,limit,long_put,,1.19000000,1.00000
ADBE,2020-08-07,445.0000,call,sell,2020-07-30T19:49:03.805299Z,credit,1.00000,limit,,long_call,5.20000000,1.00000
SQ,2020-08-07,135.0000,call,buy,2020-07-30T17:30:13.329241Z,debit,1.00000,limit,long_call,,3.80000000,1.00000
ADBE,2020-08-07,445.0000,call,sell,2020-07-30T16:22:43.846533Z,credit,1.00000,limit,,long_call,5.30000000,1.00000
ADBE,2020-08-07,445.0000,call,buy,2020-07-30T15:21:33.595097Z,debit,1.00000,limit,long_call,,4.55000000,1.00000
AAPL,2020-08-21,400.0000,call,sell,2020-07-30T15:14:19.965648Z,credit,1.00000,limit,,long_call,4.85000000,1.00000
ADBE,2020-08-07,445.0000,call,buy,2020-07-30T14:35:57.378527Z,debit,1.00000,limit,long_call,,3.20000000,1.00000
QQQ,2020-07-31,251.0000,put,sell,2020-07-30T14:10:24.592974Z,credit,1.00000,limit,,long_put,0.86000000,1.00000
ADBE,2020-08-07,445.0000,call,buy,2020-07-30T13:38:37.760031Z,debit,1.00000,limit,long_call,,3.50000000,1.00000
PYPL,2020-08-07,190.0000,call,sell,2020-07-30T13:30:54.082616Z,credit,1.00000,limit,,long_call,5.30000000,1.00000
PFE,2020-07-31,39.0000,call,buy,2020-07-29T19:42:21.364977Z,debit,3.00000,limit,long_call,,0.50000000,3.00000
AAPL,2020-08-21,400.0000,call,buy,2020-07-29T19:38:24.790971Z,debit,1.00000,limit,long_call,,5.10000000,1.00000
TSLA,2020-07-31,1700.0000,call,sell,2020-07-29T18:05:16.501914Z,credit,1.00000,limit,,long_call,1.55000000,1.00000
DAL,2020-08-21,29.0000,call,buy,2020-07-29T18:04:35.358671Z,debit,4.00000,limit,long_call,,0.52000000,4.00000
TSLA,2020-07-31,1700.0000,call,buy,2020-07-29T17:09:14.421476Z,debit,1.00000,limit,long_call,,2.10000000,1.00000
PYPL,2020-08-07,190.0000,call,buy,2020-07-29T15:55:37.043697Z,debit,1.00000,limit,long_call,,4.15000000,1.00000
NVDA,2020-08-14,425.0000,call,sell,2020-07-29T13:30:51.988469Z,credit,1.00000,limit,,long_call,12.50000000,1.00000
NVDA,2020-08-14,425.0000,call,buy,2020-07-28T19:59:41.132257Z,debit,1.00000,limit,long_call,,10.80000000,1.00000
NVDA,2020-08-07,430.0000,call,sell,2020-07-28T19:51:40.105658Z,credit,3.00000,limit,,long_call,3.90000000,3.00000
NVDA,2020-08-07,430.0000,call,buy,2020-07-28T13:48:38.251159Z,debit,1.00000,limit,long_call,,5.00000000,1.00000
QQQ,2020-07-31,251.0000,put,buy,2020-07-27T19:57:30.212799Z,debit,1.00000,limit,long_put,,1.12000000,1.00000
QQQ,2020-07-31,248.0000,put,sell,2020-07-27T19:56:40.745038Z,credit,1.00000,limit,,long_put,0.70000000,1.00000
AAPL,2020-08-21,400.0000,call,sell,2020-07-27T13:50:03.717787Z,credit,1.00000,limit,,long_call,5.65000000,1.00000
QQQ,2020-07-31,248.0000,put,buy,2020-07-24T18:19:32.462911Z,debit,1.00000,limit,long_put,,2.11000000,1.00000
NVDA,2020-08-07,430.0000,call,buy,2020-07-24T18:17:20.619231Z,debit,1.00000,limit,long_call,,6.45000000,1.00000
AAPL,2020-08-21,400.0000,call,buy,2020-07-24T14:30:33.660863Z,debit,1.00000,limit,long_call,,3.55000000,1.00000
SPY,2020-07-24,322.0000,put,sell,2020-07-24T14:03:37.617733Z,credit,1.00000,limit,,long_put,1.92000000,1.00000
QQQ,2020-07-24,253.0000,put,sell,2020-07-24T13:43:40.826270Z,credit,1.00000,limit,,long_put,1.78000000,1.00000
ETSY,2020-08-07,115.0000,call,sell,2020-07-24T13:38:33.475573Z,credit,2.00000,limit,,long_call,2.20000000,2.00000
QQQ,2020-07-24,253.0000,put,buy,2020-07-23T19:54:47.446283Z,debit,1.00000,limit,long_put,,0.54000000,1.00000
SPY,2020-07-24,322.0000,put,buy,2020-07-23T19:53:24.701840Z,debit,1.00000,limit,long_put,,1.58000000,1.00000
NVDA,2020-08-07,430.0000,call,buy,2020-07-23T18:35:33.457373Z,debit,1.00000,limit,long_call,,5.45000000,1.00000
QQQ,2020-07-24,260.0000,put,sell,2020-07-23T18:02:05.838459Z,credit,1.00000,limit,,long_put,2.97000000,1.00000
AAPL,2020-08-21,400.0000,call,buy,2020-07-23T16:19:55.848837Z,debit,1.00000,limit,long_call,,6.70000000,1.00000
NVDA,2020-07-24,420.0000,call,sell,2020-07-23T16:13:15.040662Z,credit,1.00000,limit,,long_call,1.83000000,1.00000
MSFT,2020-09-18,230.0000,call,sell,2020-07-23T16:03:52.623446Z,credit,1.00000,limit,,long_call,2.50000000,1.00000
SPCE,2020-08-07,28.0000,call,sell,2020-07-23T16:02:44.479044Z,credit,1.00000,limit,,long_call,2.78000000,1.00000
MRNA,2020-07-31,85.0000,call,sell,2020-07-23T14:32:28.912845Z,credit,1.00000,limit,,long_call,3.00000000,1.00000
VXX,2020-07-24,30.0000,call,sell,2020-07-22T19:46:06.963596Z,credit,1.00000,limit,,long_call,0.59000000,1.00000
QQQ,2020-07-24,260.0000,put,buy,2020-07-22T17:54:16.340076Z,debit,1.00000,limit,long_put,,1.38000000,1.00000
ETSY,2020-08-07,115.0000,call,buy,2020-07-22T17:42:06.256280Z,debit,1.00000,limit,long_call,,3.70000000,1.00000
SPCE,2020-08-07,28.0000,call,buy,2020-07-22T17:40:52.319222Z,debit,1.00000,limit,long_call,,2.47000000,1.00000
NVDA,2020-07-24,420.0000,call,sell,2020-07-22T16:17:54.990343Z,credit,1.00000,limit,,long_call,6.05000000,1.00000
NVDA,2020-07-24,420.0000,call,buy,2020-07-22T15:18:24.873342Z,debit,1.00000,limit,long_call,,4.90000000,1.00000
V,2020-07-31,205.0000,call,sell,2020-07-22T15:10:49.055983Z,credit,1.00000,limit,,long_call,1.37000000,1.00000
NVDA,2020-07-24,420.0000,call,buy,2020-07-22T14:55:40.152660Z,debit,1.00000,limit,long_call,,5.80000000,1.00000
NVDA,2020-07-24,420.0000,call,sell,2020-07-21T18:33:23.348003Z,credit,1.00000,limit,,long_call,4.95000000,1.00000
NVDA,2020-07-24,420.0000,call,sell,2020-07-21T18:08:41.628298Z,credit,1.00000,limit,,long_call,5.65000000,1.00000
NVDA,2020-07-24,420.0000,call,buy,2020-07-21T16:05:23.049808Z,debit,1.00000,limit,long_call,,4.10000000,1.00000
NVDA,2020-07-24,420.0000,call,buy,2020-07-21T15:01:16.564131Z,debit,1.00000,limit,long_call,,5.05000000,1.00000
ETSY,2020-08-07,115.0000,call,buy,2020-07-21T14:41:09.650393Z,debit,1.00000,limit,long_call,,5.00000000,1.00000
V,2020-07-31,205.0000,call,buy,2020-07-21T13:49:50.836431Z,debit,1.00000,limit,long_call,,1.91000000,1.00000
NVDA,2020-07-24,440.0000,call,sell,2020-07-21T13:33:36.112920Z,credit,1.00000,limit,,long_call,1.79000000,1.00000
AAPL,2020-07-24,400.0000,call,sell,2020-07-21T13:30:28.769547Z,credit,2.00000,limit,,long_call,3.10000000,2.00000
AAPL,2020-07-24,400.0000,call,sell,2020-07-20T19:43:13.690233Z,credit,4.00000,limit,,long_call,2.59000000,4.00000
VXX,2020-07-24,30.0000,call,buy,2020-07-20T19:34:21.892137Z,debit,1.00000,limit,long_call,,0.78000000,1.00000
MRNA,2020-07-31,85.0000,call,buy,2020-07-20T18:15:31.258050Z,debit,1.00000,limit,long_call,,5.60000000,1.00000
NVDA,2020-07-24,440.0000,call,buy,2020-07-20T15:44:45.666818Z,debit,1.00000,limit,long_call,,1.79000000,1.00000
AAPL,2020-07-24,400.0000,call,buy,2020-07-20T14:39:23.664937Z,debit,1.00000,limit,long_call,,1.59000000,1.00000
AAPL,2020-07-24,400.0000,call,buy,2020-07-20T14:16:48.827983Z,debit,1.00000,limit,long_call,,1.71000000,1.00000
AAPL,2020-07-24,400.0000,call,buy,2020-07-17T18:55:31.221829Z,debit,1.00000,limit,long_call,,2.21000000,1.00000
AAPL,2020-07-24,400.0000,call,buy,2020-07-17T18:14:31.178735Z,debit,1.00000,limit,long_call,,2.26000000,1.00000
AAPL,2020-07-24,400.0000,call,buy,2020-07-17T17:06:16.236762Z,debit,1.00000,limit,long_call,,2.33000000,1.00000
MSFT,2020-09-18,230.0000,call,buy,2020-07-17T16:15:23.916370Z,debit,1.00000,limit,long_call,,2.64000000,1.00000
TWLO,2020-07-31,240.0000,call,sell,2020-07-17T15:18:40.249027Z,credit,1.00000,limit,,long_call,7.40000000,1.00000
AAPL,2020-07-24,400.0000,call,buy,2020-07-17T14:57:15.311029Z,debit,1.00000,limit,long_call,,2.46000000,1.00000
DAL,2020-07-24,30.0000,call,sell,2020-07-17T13:56:59.440025Z,credit,2.00000,limit,,long_call,0.39000000,2.00000
SPY,2020-07-17,317.0000,put,buy,2020-07-16T14:22:50.781270Z,debit,1.00000,limit,long_put,,1.08000000,1.00000
DAL,2020-07-24,30.0000,call,buy,2020-07-15T16:39:08.627391Z,debit,1.00000,limit,long_call,,0.54000000,1.00000
DAL,2020-07-24,30.0000,call,buy,2020-07-15T15:33:58.854789Z,debit,1.00000,limit,long_call,,0.51000000,1.00000
TWLO,2020-07-31,240.0000,call,buy,2020-07-15T15:28:44.291169Z,debit,1.00000,limit,long_call,,4.90000000,1.00000
DDOG,2020-07-17,95.0000,call,sell,2020-07-15T13:36:11.848736Z,credit,1.00000,limit,,long_call,0.25000000,1.00000
AAPL,2020-07-24,400.0000,call,sell,2020-07-15T13:35:55.904104Z,credit,1.00000,limit,,long_call,6.65000000,1.00000
MSFT,2020-07-31,235.0000,call,sell,2020-07-15T13:35:27.031531Z,credit,1.00000,limit,,long_call,1.24000000,1.00000
SPOT,2020-07-24,280.0000,call,sell,2020-07-15T13:33:18.841331Z,credit,1.00000,limit,,long_call,6.00000000,1.00000
SPY,2020-07-17,330.0000,call,buy,2020-07-14T23:09:51.084397Z,debit,1.00000,limit,long_call,,0.24000000,1.00000
AAPL,2020-07-24,400.0000,call,buy,2020-07-14T15:51:04.619622Z,debit,1.00000,limit,long_call,,4.35000000,1.00000
AAPL,2020-07-24,430.0000,call,sell,2020-07-14T15:50:43.935383Z,credit,1.00000,limit,,long_call,1.38000000,1.00000
PYPL,2020-07-24,185.0000,call,sell,2020-07-14T15:50:16.152998Z,credit,1.00000,limit,,long_call,1.04000000,1.00000
SPOT,2020-07-24,280.0000,call,buy,2020-07-14T13:46:52.348954Z,debit,1.00000,limit,long_call,,4.50000000,1.00000
MA,2020-07-17,305.0000,call,sell,2020-07-13T19:26:00.272389Z,credit,2.00000,limit,,long_call,1.03000000,2.00000
AAPL,2020-07-24,430.0000,call,buy,2020-07-13T18:52:59.993577Z,debit,1.00000,limit,long_call,,1.71000000,1.00000
DDOG,2020-07-17,95.0000,call,buy,2020-07-13T18:44:37.200825Z,debit,1.00000,limit,long_call,,0.95000000,1.00000
MSFT,2020-07-31,235.0000,call,buy,2020-07-13T18:39:29.729683Z,debit,1.00000,limit,long_call,,1.56000000,1.00000
IWM,2020-07-31,145.0000,call,sell,2020-07-13T18:14:55.893928Z,credit,1.00000,limit,,long_call,3.94000000,1.00000
IWM,2020-07-31,145.0000,call,buy,2020-07-13T14:22:49.916778Z,debit,1.00000,limit,long_call,,3.11000000,1.00000
MA,2020-07-17,305.0000,call,sell,2020-07-13T14:21:13.131815Z,credit,2.00000,limit,,long_call,1.50000000,2.00000
PYPL,2020-07-24,185.0000,call,buy,2020-07-10T19:58:31.689306Z,debit,1.00000,limit,long_call,,3.05000000,1.00000
MA,2020-07-17,305.0000,call,buy,2020-07-10T17:16:08.241989Z,debit,1.00000,limit,long_call,,1.66000000,1.00000
MA,2020-07-17,305.0000,call,buy,2020-07-10T14:13:53.178274Z,debit,2.00000,limit,long_call,,1.52000000,2.00000
SPY,2020-07-10,317.0000,call,sell,2020-07-10T14:13:07.367971Z,credit,22.00000,limit,,long_call,0.22000000,22.00000
SPY,2020-07-10,317.0000,call,buy,2020-07-09T17:33:05.399655Z,debit,1.00000,limit,long_call,,0.65000000,1.00000
D,2020-08-21,80.0000,call,sell,2020-07-09T17:32:49.464118Z,credit,1.00000,limit,,long_call,1.05000000,1.00000
SPY,2020-07-10,317.0000,call,buy,2020-07-09T15:44:58.733802Z,debit,1.00000,limit,long_call,,0.36000000,1.00000
SPY,2020-07-10,317.0000,call,buy,2020-07-09T15:33:09.888837Z,debit,1.00000,limit,long_call,,0.45000000,1.00000
SPY,2020-07-10,317.0000,call,buy,2020-07-09T15:31:47.445646Z,debit,1.00000,limit,long_call,,0.45000000,1.00000
SPY,2020-07-10,317.0000,call,buy,2020-07-09T15:31:03.608846Z,debit,1.00000,limit,long_call,,0.47000000,1.00000
SPY,2020-07-10,317.0000,call,buy,2020-07-09T15:28:04.413367Z,debit,1.00000,limit,long_call,,0.46000000,1.00000
SPY,2020-07-10,317.0000,call,buy,2020-07-09T15:20:40.284715Z,debit,1.00000,limit,long_call,,0.44000000,1.00000
SPY,2020-07-10,317.0000,call,buy,2020-07-09T15:09:12.708807Z,debit,1.00000,limit,long_call,,0.51000000,1.00000
SPY,2020-07-10,317.0000,call,buy,2020-07-09T15:06:24.016740Z,debit,1.00000,limit,long_call,,0.47000000,1.00000
SPY,2020-07-10,317.0000,call,buy,2020-07-09T14:58:26.665702Z,debit,1.00000,limit,long_call,,0.55000000,1.00000
SPY,2020-07-10,317.0000,call,buy,2020-07-09T14:56:06.853572Z,debit,1.00000,limit,long_call,,0.63000000,1.00000
SPY,2020-07-10,317.0000,call,buy,2020-07-09T14:46:57.889874Z,debit,1.00000,limit,long_call,,0.67000000,1.00000
SPY,2020-07-10,317.0000,call,buy,2020-07-09T14:43:39.857704Z,debit,1.00000,limit,long_call,,0.68000000,1.00000
SPY,2020-07-10,317.0000,call,buy,2020-07-09T13:52:29.975668Z,debit,1.00000,limit,long_call,,1.19000000,1.00000
MA,2020-07-17,305.0000,call,buy,2020-07-09T13:47:41.581824Z,debit,1.00000,limit,long_call,,2.80000000,1.00000
SPY,2020-07-10,317.0000,call,buy,2020-07-08T18:24:12.004868Z,debit,1.00000,limit,long_call,,1.02000000,1.00000
DLTR,2020-07-17,95.0000,call,sell,2020-07-08T18:23:18.509228Z,credit,1.00000,limit,,long_call,0.48000000,1.00000
M,2020-07-24,7.5000,call,sell,2020-07-08T18:17:22.507108Z,credit,1.00000,limit,,long_call,0.29000000,1.00000
SPY,2020-07-10,317.0000,call,buy,2020-07-08T18:11:01.157687Z,debit,1.00000,limit,long_call,,1.00000000,1.00000
SPY,2020-07-10,317.0000,call,buy,2020-07-08T16:15:00.297523Z,debit,1.00000,limit,long_call,,1.12000000,1.00000
NFLX,2020-07-10,525.0000,call,sell,2020-07-08T14:00:59.040771Z,credit,1.00000,limit,,long_call,1.48000000,1.00000
SPY,2020-07-10,317.0000,call,buy,2020-07-07T18:58:31.158980Z,debit,1.00000,limit,long_call,,1.89000000,1.00000
SPY,2020-07-10,317.0000,call,buy,2020-07-07T17:57:46.871069Z,debit,1.00000,limit,long_call,,2.22000000,1.00000
SPY,2020-07-10,317.0000,call,buy,2020-07-07T17:32:47.339636Z,debit,1.00000,limit,long_call,,2.22000000,1.00000
NFLX,2020-07-10,525.0000,call,buy,2020-07-07T17:14:28.273060Z,debit,1.00000,limit,long_call,,1.18000000,1.00000
M,2020-07-24,7.5000,call,buy,2020-07-07T17:07:32.513449Z,debit,1.00000,limit,long_call,,0.37000000,1.00000
UBER,2020-07-10,33.5000,call,sell,2020-07-07T16:29:59.648016Z,credit,10.00000,limit,,long_call,0.71000000,10.00000
SNAP,2020-07-17,24.0000,call,sell,2020-07-07T14:48:57.881062Z,credit,1.00000,limit,,long_call,1.50000000,1.00000
UBER,2020-07-10,33.5000,call,buy,2020-07-07T14:44:28.604991Z,debit,1.00000,limit,long_call,,0.39000000,1.00000
UBER,2020-07-10,33.5000,call,buy,2020-07-07T14:27:39.647578Z,debit,1.00000,limit,long_call,,0.52000000,1.00000
UBER,2020-07-10,33.5000,call,buy,2020-07-07T14:23:47.270636Z,debit,1.00000,limit,long_call,,0.50000000,1.00000
UBER,2020-07-10,33.5000,call,buy,2020-07-07T14:12:39.463638Z,debit,1.00000,limit,long_call,,0.55000000,1.00000
SNAP,2020-07-17,24.0000,call,sell,2020-07-07T14:08:23.025762Z,credit,1.00000,limit,,long_call,1.20000000,1.00000
SNAP,2020-07-17,24.0000,call,buy,2020-07-06T19:50:26.820816Z,debit,2.00000,limit,long_call,,0.56000000,2.00000
SPY,2020-07-10,317.0000,call,buy,2020-07-06T18:25:00.188823Z,debit,1.00000,limit,long_call,,2.46000000,1.00000
D,2020-08-21,80.0000,call,buy,2020-07-06T17:58:43.595764Z,debit,1.00000,limit,long_call,,1.60000000,1.00000
SPY,2020-07-10,317.0000,call,buy,2020-07-06T16:41:34.387534Z,debit,1.00000,limit,long_call,,2.67000000,1.00000
AAPL,2020-07-17,380.0000,call,sell,2020-07-06T16:06:37.407529Z,credit,1.00000,limit,,long_call,4.10000000,1.00000
DLTR,2020-07-17,95.0000,call,buy,2020-07-06T15:50:29.616658Z,debit,1.00000,limit,long_call,,0.56000000,1.00000
UBER,2020-07-10,33.5000,call,buy,2020-07-06T15:29:36.420710Z,debit,1.00000,limit,long_call,,0.51000000,1.00000
GOOGL,2020-07-17,1590.0000,call,sell,2020-07-06T14:51:49.115667Z,credit,1.00000,limit,,long_call,3.10000000,1.00000
UBER,2020-07-10,33.5000,call,buy,2020-07-06T14:35:13.382252Z,debit,1.00000,limit,long_call,,0.60000000,1.00000
UBER,2020-07-10,33.5000,call,buy,2020-07-06T14:29:46.601756Z,debit,1.00000,limit,long_call,,0.55000000,1.00000
UBER,2020-07-10,33.5000,call,buy,2020-07-06T14:10:36.187209Z,debit,1.00000,limit,long_call,,0.69000000,1.00000
UBER,2020-07-10,33.5000,call,buy,2020-07-06T14:02:15.904334Z,debit,1.00000,limit,long_call,,0.83000000,1.00000
UBER,2020-07-10,33.5000,call,buy,2020-07-06T13:52:55.153980Z,debit,1.00000,limit,long_call,,0.61000000,1.00000
NFLX,2020-07-24,550.0000,call,sell,2020-07-06T13:31:08.480042Z,credit,1.00000,limit,,long_call,5.50000000,1.00000
AAPL,2020-07-17,380.0000,call,buy,2020-07-02T19:49:55.124876Z,debit,1.00000,limit,long_call,,2.20000000,1.00000
NFLX,2020-07-24,550.0000,call,buy,2020-07-02T17:10:29.302616Z,debit,1.00000,limit,long_call,,4.75000000,1.00000
GOOGL,2020-07-17,1590.0000,call,buy,2020-07-02T16:39:14.222458Z,debit,1.00000,limit,long_call,,2.85000000,1.00000
AAPL,2020-07-10,380.0000,call,sell,2020-07-02T16:19:13.827124Z,credit,2.00000,limit,,long_call,1.62000000,2.00000
AAPL,2020-07-10,380.0000,call,buy,2020-07-02T16:01:45.800364Z,debit,2.00000,limit,long_call,,1.39000000,2.00000
